// Generated by x68k/tools/mkforeground.py; do not edit.
#include <stdint.h>
// Row-major GRB16; zero = transparent, opaque black = 1.
const uint16_t g_highcolor_actor_patterns[45][256] = {
    {
        0x0000,0x0000,0x0000,0x5703,0x2580,0x3640,0x0000,0x0000,0x0000,0x0000,0x0000,0x0000,0x0000,0x0000,0x0000,0x0000,
        0x0000,0x0000,0x4E00,0x4E40,0x0B01,0x1381,0x0000,0x0000,0x0000,0x0000,0x0000,0x0000,0x0000,0x0000,0x0000,0x0000,
        0x0000,0x0000,0x6701,0x0241,0x08C0,0x12C0,0x77C1,0x2400,0x039F,0x0000,0x0000,0x0000,0x0000,0x0000,0x0000,0x0000,
        0x0000,0x1400,0x3DC0,0x0A81,0x0040,0x3CC0,0xC775,0x7783,0x4E81,0x0350,0x0000,0x0000,0x0000,0x0000,0x0000,0x0000,
        0x13C9,0x3541,0x4E81,0x8943,0x2400,0x4E00,0x23C1,0x54CA,0x0980,0x0103,0x0000,0x0000,0x0000,0x0000,0x0000,0x0000,
        0x00C4,0x1B02,0x1381,0x8901,0x00C1,0x1300,0xA752,0x0041,0x10C9,0x0000,0x0000,0x0000,0x0000,0x0000,0x0000,0x0000,
        0x0000,0x00C0,0x00C0,0x5001,0x0000,0xBF8A,0x34C0,0xCFE4,0x2445,0x0000,0x0000,0x0000,0x0000,0x0000,0x0000,0x0000,
        0x0000,0x0000,0x00C0,0x52D2,0x019A,0x22C7,0x0181,0xCFE1,0x4502,0x0000,0x0000,0x0000,0x0000,0x0000,0x0000,0x0000,
        0x0000,0x0282,0x0104,0x091C,0x3336,0x3BF7,0x2B79,0x0001,0x04AA,0x0000,0x0000,0x0000,0x0000,0x0000,0x0000,0x0000,
        0x0000,0x0000,0x1AF0,0x0001,0xAF95,0x0180,0x23B5,0x09EF,0x0088,0x0000,0x0000,0x0000,0x0000,0x0000,0x0000,0x0000,
        0x0000,0x0000,0x00D5,0x0962,0xD7E6,0xB796,0x0180,0xC79A,0xC7E4,0x0000,0x0000,0x0000,0x0000,0x0000,0x0000,0x0000,
        0x0000,0x0000,0x0000,0x0000,0xD7E7,0x1243,0x4483,0x6603,0x4481,0x0000,0x0000,0x0000,0x0000,0x0000,0x0000,0x0000,
        0x0000,0x0000,0x0000,0x2DB8,0xCFE1,0x1A41,0x0081,0x4D00,0x0080,0x0000,0x0000,0x0000,0x0000,0x0000,0x5DC2,0x0001,
        0x0000,0x0000,0x8E0B,0xD7ED,0x3CC5,0x0059,0x2301,0x5582,0x00C0,0x0000,0x0000,0x0000,0x0000,0x0001,0x0000,0x0000,
        0x0000,0x8EE1,0x7453,0x1300,0x4DC8,0x3481,0x0101,0x01C1,0x0981,0x0A00,0x0000,0x0000,0x0000,0x76C1,0x0000,0x0000,
        0x0000,0xEFEC,0x0041,0x5587,0x0000,0x9E50,0x0080,0xBF01,0x0141,0x96CA,0x0190,0x0000,0x0000,0x0084,0x0000,0x0000,
    },
    {
        0x0000,0x0000,0x0080,0x6E8A,0x0080,0xB78C,0x3CC0,0x6E44,0x2283,0x00C0,0x00C4,0x0000,0x4500,0x0000,0x0000,0x0000,
        0x0000,0x0000,0x0000,0x0041,0x4E01,0x6584,0x8F53,0x4482,0x1180,0x12C1,0x55C1,0xEFD7,0x0000,0x0000,0x0000,0x0000,
        0x0000,0x0000,0x0006,0x5589,0x0040,0x0081,0x66C8,0x4D44,0x2A83,0x0040,0x1301,0x0000,0x0000,0x0000,0x0000,0x0000,
        0x0000,0x0000,0x0000,0x3C45,0x2345,0xE7EF,0x0882,0x18C2,0x00C1,0x0001,0x0000,0x0000,0x0000,0x0000,0x0000,0x0000,
        0x0000,0x0000,0x0000,0x0000,0x8F0C,0xD7E6,0x874E,0x6606,0xD7E6,0x0000,0x0000,0x0000,0x0000,0x0000,0x0000,0x0000,
        0x0000,0x0000,0x0000,0x0000,0x7E87,0xD7E6,0x0D65,0x7ECC,0xD7E6,0x0000,0x0000,0x0000,0x0000,0x0000,0x0000,0x0000,
        0x0000,0x0000,0x0000,0x0000,0x9F91,0xD7E6,0x0000,0x3482,0xCFE4,0x0000,0x0000,0x0000,0x0000,0x0000,0x0000,0x0000,
        0x0000,0x0000,0x0000,0x0000,0x6E8C,0x5E04,0x0000,0x1341,0xB7D6,0x0000,0x0000,0x0000,0x0000,0x0000,0x0000,0x0000,
        0x0000,0x0000,0x0000,0xA6DA,0xCFE4,0x0083,0x0000,0x6ECB,0x8F91,0x0000,0x0000,0x0000,0x0000,0x0000,0x0000,0x0000,
        0x0000,0x0000,0x0000,0xC7A2,0xD7E9,0xBF61,0x0000,0xBF5F,0xD7E8,0x0103,0x0000,0x0000,0x0000,0x0000,0x0000,0x0000,
        0x0000,0x0000,0x0000,0x0001,0x0103,0x0080,0x0000,0x3286,0x0081,0x0567,0x0000,0x0000,0x0000,0x0000,0x0000,0x0000,
        0x0000,0x0000,0x0000,0x0901,0xDFB8,0x0000,0x0000,0x2281,0xDF3B,0x0000,0x0000,0x0000,0x0000,0x0000,0x0000,0x0000,
        0x0000,0x0000,0x0000,0x8D63,0xDF33,0x0000,0x0000,0x09C1,0x0101,0x0002,0x0000,0x0000,0x0000,0x0000,0x0000,0x0000,
        0x0000,0x0000,0x0000,0x5D00,0x2C83,0x0000,0x0000,0x0001,0x33C0,0x1B83,0x0000,0x0000,0x0000,0x0000,0x0000,0x0000,
        0x0000,0x0000,0x0000,0x5DC5,0x3481,0x0000,0x0000,0x2381,0x3CC1,0x4DC6,0x45C5,0x0000,0x0000,0x0000,0x0000,0x0000,
        0x0000,0x0000,0x0002,0x6585,0x5483,0x0000,0x0000,0x1A40,0x0001,0x5501,0x6D84,0x0000,0x0000,0x0000,0x0000,0x0000,
    },
    {
        0x0000,0x0000,0x0000,0x0000,0x0000,0x0402,0x0B41,0x5EC2,0x0000,0x0000,0x0000,0x0000,0x0000,0x0000,0x0000,0x0000,
        0x0000,0x0000,0x0000,0x1304,0x3E2C,0x5F01,0x4E80,0x4641,0x0101,0x0000,0x0000,0x0000,0x0000,0x0000,0x0000,0x0000,
        0x0000,0x0000,0x0000,0x4E01,0x4580,0xC79F,0x0181,0x9149,0x3E81,0x3D41,0x0180,0x1284,0x0000,0x0000,0x0000,0x0000,
        0x0000,0x0000,0x1D26,0x0304,0x5640,0x7781,0x09C1,0x1BC1,0x7FC2,0x7FC3,0x4641,0x5F80,0x0000,0x0000,0x0000,0x0000,
        0x0000,0x0000,0x0000,0x09C0,0x3DC1,0x0A01,0x2800,0x3CC0,0x5640,0x6740,0x4E83,0xBFC8,0x0000,0x0000,0x0000,0x0000,
        0x0000,0x0000,0x0080,0x23C1,0x0A40,0x2080,0x1002,0x6D81,0x6F01,0x64C9,0x4404,0x3C80,0x0000,0x0000,0x0000,0x0000,
        0x0000,0x0000,0x2CC1,0x0000,0x0000,0x1573,0x0000,0x0001,0x6F80,0xF7F9,0xCFE6,0x004A,0x0000,0x0000,0x0000,0x0000,
        0x0000,0x0000,0x0040,0x020B,0x0000,0x0000,0x0001,0x22F4,0x5E80,0xD7E4,0xC79A,0x0000,0x0000,0x0000,0x0000,0x0000,
        0x0000,0x0000,0x0000,0x0000,0x2BF9,0x0A25,0x443B,0x4C7A,0x114D,0x09C1,0x0000,0x0000,0x0000,0x0000,0x0000,0x0000,
        0x0000,0x0000,0x0000,0x0000,0x0961,0x009B,0xD7E0,0xC79C,0x00D8,0x44FD,0x0054,0x0000,0x0000,0x0000,0x0000,0x0000,
        0x0000,0x0000,0x0000,0x0000,0x0000,0xD7EA,0xCFE5,0xC7E0,0xA6D7,0x4C78,0x0041,0x0000,0x0000,0x0000,0x0000,0x0000,
        0x0000,0x0000,0x0000,0x0000,0xEFF0,0xAF96,0x0001,0x0904,0x24C1,0x2BC4,0xF7BA,0x0000,0x0000,0x0000,0x0000,0x08C0,
        0x0000,0x00C0,0xEFEE,0x0881,0x9746,0x0000,0x0002,0x2B00,0x33C3,0x0101,0x3383,0x0000,0x0000,0x0000,0x00C2,0x0000,
        0x0000,0x0141,0xF7E3,0x3440,0x1341,0x0000,0x0000,0x3C43,0x2340,0x0040,0x0000,0x0000,0x0000,0xC7FF,0x0000,0x0000,
        0x0000,0x95CE,0x23C0,0x0080,0x0216,0x0000,0x1B40,0x4440,0xA6D5,0x3643,0x2BC3,0x0000,0x0000,0x66C5,0x0000,0x0000,
        0x0000,0x0000,0x0980,0x5DCD,0x010C,0x3400,0x5506,0x2B42,0x4300,0x0081,0x3401,0x0145,0x0000,0x2C01,0x0000,0x0000,
    },
    {
        0x0000,0x0000,0x01CE,0xC7D2,0x0080,0x0081,0xF7F6,0x4CC1,0x0001,0x0000,0x08C2,0x3C41,0xE7C9,0x0000,0x0000,0x0000,
        0x0000,0x0000,0x0000,0x1A00,0x1280,0x4DC3,0x4580,0x2C00,0x4E01,0x0000,0x0000,0x0041,0x8E87,0x0000,0x0000,0x0000,
        0x0000,0x0000,0x0000,0x0000,0x0081,0x3D40,0x0001,0x528F,0x09C1,0x4641,0x2401,0x0108,0x0000,0x0000,0x0000,0x0000,
        0x0000,0x0000,0x0000,0x0000,0x0000,0x0001,0x2205,0xCFE6,0xCFE5,0x0000,0x0000,0x0000,0x0000,0x0000,0x0000,0x0000,
        0x0000,0x0000,0x0000,0x0000,0x0084,0x5E07,0x0080,0xD7E7,0xDFEB,0x0000,0x0000,0x0000,0x0000,0x0000,0x0000,0x0000,
        0x0000,0x4D00,0x0A00,0xE7EE,0x5406,0x768C,0x6E46,0x5E87,0xD7E6,0x0001,0x0000,0x0000,0x0000,0x0000,0x0000,0x0000,
        0x0000,0x3440,0x1902,0xAF5D,0x6E8D,0x6E8D,0x664B,0x0000,0xCFE6,0xE7EC,0x0000,0x0000,0x0000,0x0000,0x0000,0x0000,
        0x01C0,0x0A41,0x0942,0x6D0F,0x0880,0x6E47,0x0000,0x0000,0x7ECD,0xCFEB,0x0000,0x0000,0x0000,0x0000,0x0000,0x0000,
        0x6606,0x0900,0x0000,0x0000,0x0D70,0x0000,0x0000,0x0000,0x5D46,0x8E52,0xEFEF,0x0000,0x0000,0x0000,0x0000,0x0000,
        0x2B02,0x0000,0x0000,0x0000,0x0000,0x0000,0x0000,0x0000,0x9658,0xFFF8,0xE7AC,0x0000,0x0000,0x0000,0x0000,0x0000,
        0x0000,0x0000,0x0000,0x0000,0x0000,0x0000,0x0000,0x0000,0x7592,0x0001,0x3D40,0x0000,0x0000,0x0000,0x0000,0x0000,
        0x0000,0x0000,0x0000,0x0000,0x0000,0x0000,0x0000,0x0000,0x0000,0x3CC0,0xDEB4,0x0000,0x0000,0x0000,0x0000,0x0000,
        0x0000,0x0000,0x0000,0x0000,0x0000,0x0000,0x0000,0x0000,0x0000,0x11C1,0x34C2,0x0080,0x0000,0x0000,0x0000,0x0000,
        0x0000,0x0000,0x0000,0x0000,0x0000,0x0000,0x0000,0x0000,0x0000,0x0084,0x2B80,0x5584,0x4E08,0x0001,0x0000,0x0000,
        0x0000,0x0000,0x0000,0x0000,0x0000,0x0000,0x0000,0x0000,0x0000,0x0000,0x5581,0x2B81,0x1040,0x0000,0x0000,0x0000,
        0x0000,0x0000,0x0000,0x0000,0x0000,0x0000,0x0000,0x0000,0x0000,0x0000,0x2BC1,0x0042,0x0000,0x0000,0x0000,0x0000,
    },
    {
        0x0000,0x0000,0x0000,0x0000,0x0000,0x0000,0x0000,0x034E,0x25CB,0x2605,0x0000,0x0000,0x0000,0x0000,0x0000,0x0000,
        0x0000,0x0000,0x0000,0x0000,0x0000,0x0000,0x6781,0x6F87,0x77C1,0x1C40,0x0000,0x0000,0x0000,0x0000,0x0000,0x0000,
        0x0000,0x0000,0x0000,0x0000,0x0000,0x02C1,0xBFD1,0x7FC3,0x0940,0x2B81,0x7680,0x0000,0x0E2B,0x0000,0x0000,0x0000,
        0x0000,0x0000,0x3628,0x2440,0x2481,0x6F80,0x2501,0x2300,0x24C0,0xDFEA,0x6741,0x6700,0x4604,0x0000,0x0000,0x0000,
        0x0000,0x0000,0x1D81,0x1C01,0x3500,0x5640,0x0B80,0x2801,0x0AC0,0x4E40,0x7FC0,0x2C81,0xCFD8,0x0000,0x0000,0x0000,
        0x0000,0x0B50,0x2B80,0x2342,0x0141,0x2BC3,0xB005,0x0801,0x0141,0x5681,0x00C0,0x12C0,0x3480,0x0000,0x0000,0x0000,
        0x0000,0x0000,0x0000,0x0001,0x0000,0x00C2,0x0570,0x0000,0x01C1,0x7741,0x0001,0x5DC5,0x02C3,0x0000,0x0000,0x0000,
        0x0000,0x0000,0x0000,0x0000,0x0000,0x0000,0x0000,0x33F5,0x0001,0x8FC2,0xD7EA,0xD7E5,0x0000,0x0000,0x0000,0x0000,
        0x0000,0x0000,0x0000,0x3334,0x33F8,0x0A26,0x443B,0x0A28,0x1AAB,0x4680,0xCF9C,0x0102,0x0000,0x0000,0x0000,0x0000,
        0x0000,0x0000,0x0000,0x0000,0x119E,0x015F,0x0093,0x9F8E,0x09EB,0x0A2B,0x0048,0x000C,0x0000,0x0000,0x0000,0x0000,
        0x0000,0x0000,0x0000,0x0000,0x0000,0x0000,0x0A4E,0xD7E6,0xBFD6,0x00DC,0x1227,0x0001,0x0000,0x0000,0x0000,0x0000,
        0x0000,0x0000,0x0000,0x0000,0x02D6,0x0000,0xD7E6,0xB79C,0x0A05,0xFFFE,0x0001,0x0A05,0x0000,0x0000,0x0000,0x0000,
        0x0000,0x0000,0x0000,0xAFA8,0xE7B0,0xA6D6,0x0880,0x0001,0x0001,0x4444,0x11C2,0x2B02,0x0000,0x0000,0x0000,0x0000,
        0x0000,0x0000,0x0000,0xB79E,0xF7F6,0x0940,0x4CC7,0x03E6,0x9E94,0x09C0,0x0001,0x0000,0x0000,0x0000,0x0000,0x0000,
        0x0000,0x0000,0x0000,0x1A06,0x7488,0x0141,0x4D05,0x6E04,0x6CC9,0x0981,0x3CC0,0x0000,0x0000,0x0000,0x0000,0x0000,
        0x0000,0x0000,0x0000,0x0000,0x0040,0x2240,0x0040,0x44C2,0x2BC2,0x0980,0x0981,0x7647,0x0000,0x0000,0x0000,0x0000,
    },
    {
        0x0000,0x0000,0x0000,0x0000,0x0000,0x3441,0x7700,0x11C1,0x6E44,0x0080,0x0310,0x24C2,0x0000,0x0000,0x0000,0x0000,
        0x0000,0x1B96,0x0D2E,0x0000,0x0D66,0x00C0,0x55C5,0x1B01,0x11C0,0x4D03,0x0100,0x0000,0x0000,0x0000,0x0000,0x0000,
        0x0000,0x1B40,0x1BC3,0x0000,0x0000,0x0001,0xBFD7,0xD7EB,0x8744,0x43C8,0x00C1,0x0000,0x0000,0x0000,0x0000,0x0000,
        0x0BE6,0x3C42,0xFFFF,0x2A87,0x8619,0x874F,0xCFE3,0x0041,0x0001,0x9790,0xCFED,0x0000,0x0000,0x0000,0x0000,0x0000,
        0x4502,0x0101,0x1241,0xF7F0,0x6488,0xCFE0,0xD7E6,0x090F,0x010D,0x9793,0xD7E6,0x0001,0x0000,0x0000,0x0000,0x0000,
        0x0A01,0x0183,0x04E9,0x9657,0xBFDF,0xD7E6,0x9755,0x0000,0x0000,0x6F0D,0xCFE5,0xD7E2,0x0000,0x0000,0x0000,0x0000,
        0x0000,0x0000,0x0000,0x7D0F,0x8F0C,0xD7E8,0x094B,0x0000,0x0000,0x0000,0xDFEC,0xEFEC,0x0000,0x0000,0x0000,0x0000,
        0x0000,0x0000,0x0000,0x0000,0x0000,0x3C08,0x0000,0x0000,0x0000,0x0000,0x8F8A,0x97D2,0x0000,0x0000,0x0000,0x0000,
        0x0000,0x0000,0x0000,0x0000,0x0000,0x0000,0x0000,0x0000,0x0000,0x0000,0x0001,0xFFFE,0xEFEE,0x0000,0x0000,0x0000,
        0x0000,0x0000,0x0000,0x0000,0x0000,0x0000,0x0000,0x0000,0x0000,0x0000,0x6551,0x7DCF,0x2B47,0x0000,0x0000,0x0000,
        0x0000,0x0000,0x0000,0x0000,0x0000,0x0000,0x0000,0x0000,0x0000,0x0000,0x0942,0x0983,0x44C1,0x0000,0x0000,0x0000,
        0x0000,0x0000,0x0000,0x0000,0x0000,0x0000,0x0000,0x0000,0x0000,0x0000,0x0000,0x1B00,0x1281,0x0040,0x0000,0x0000,
        0x0000,0x0000,0x0000,0x0000,0x0000,0x0000,0x0000,0x0000,0x0000,0x0000,0x0000,0x0000,0x3ACB,0x2D41,0x0102,0x0082,
        0x0000,0x0000,0x0000,0x0000,0x0000,0x0000,0x0000,0x0000,0x0000,0x0000,0x0000,0x0000,0x00C1,0x2B82,0x4442,0x10C2,
        0x0000,0x0000,0x0000,0x0000,0x0000,0x0000,0x0000,0x0000,0x0000,0x0000,0x0000,0x0000,0x23C0,0x44C1,0x0900,0x0000,
        0x0000,0x0000,0x0000,0x0000,0x0000,0x0000,0x0000,0x0000,0x0000,0x0000,0x0000,0x0000,0x00C0,0x0042,0x0000,0x0000,
    },
    {
        0x0000,0x0000,0x0000,0x0000,0x0000,0x0000,0x0382,0x4E41,0x0000,0x0000,0x0000,0x0000,0x0000,0x0000,0x0000,0x0000,
        0x0000,0x0000,0x0000,0x0000,0x0000,0x6F40,0xC7D7,0x6F40,0x56C1,0x0000,0x0000,0x0000,0x0000,0x0000,0x0000,0x0000,
        0x0000,0x0000,0x0000,0x0000,0x5E80,0xF7E6,0x3640,0x0001,0x5F00,0x09C0,0x0000,0x0000,0x0000,0x0000,0x0000,0x0000,
        0x0000,0x0000,0x0186,0x34C1,0x6740,0x7783,0x0101,0x5E81,0x77C2,0x5680,0x5701,0x0000,0x0000,0x0000,0x0000,0x0000,
        0x0000,0x0000,0x01C2,0x5600,0x2C81,0x2400,0x1000,0x2C81,0x87C3,0xF7EC,0x3E05,0x0A85,0x0000,0x0000,0x0000,0x0000,
        0x0000,0x0000,0x02C1,0x1AC3,0x23C1,0x994A,0x0042,0x0940,0x5EC1,0x5E82,0x9F49,0x0180,0x0000,0x0000,0x0000,0x0000,
        0x0000,0x0000,0x0882,0x0A8B,0x0000,0x0004,0x0000,0x3BC5,0x0181,0x63CE,0xE77A,0x0000,0x0000,0x0000,0x0000,0x0000,
        0x0000,0x0000,0x0000,0x0000,0x0000,0x0000,0x0B5E,0x0041,0x0A00,0xCFE4,0x5508,0x0000,0x0000,0x0000,0x0000,0x0000,
        0x0000,0x0000,0x0000,0x014A,0x3C7D,0x4CBC,0x091A,0x33BB,0x0040,0xEFEC,0x2CCB,0x0000,0x0000,0x0000,0x0000,0x0000,
        0x0000,0x0000,0x0000,0x0000,0x0965,0x08CD,0x8F08,0x3BB3,0x4BF7,0x0002,0x0000,0x0000,0x0000,0x0000,0x0000,0x0000,
        0x0000,0x0000,0x0000,0x0000,0x0D6A,0xD7E9,0xD7E4,0x22A1,0x5CBA,0x0093,0x0082,0x0000,0x0000,0x0000,0x0000,0x0000,
        0x0000,0x0000,0x0000,0x0000,0xDFED,0xCFE2,0x0041,0x0093,0xAF58,0x2A82,0x0000,0x0000,0x0000,0x0000,0x0000,0x0000,
        0x0000,0x0000,0x0000,0x0101,0x2C01,0x0913,0x33C9,0x2242,0x9F56,0x1202,0x1BE5,0x0000,0x0000,0x0000,0x5580,0x0000,
        0x0000,0x0000,0x0000,0x55C6,0x0080,0x0000,0x0080,0x33C0,0x0040,0x0001,0x0000,0x0000,0x0000,0x0001,0x0CF0,0x0000,
        0x0000,0x0000,0x0000,0x0140,0x0000,0x0000,0x0001,0x0980,0x0001,0x4DC5,0x2CC2,0x0000,0x2530,0x00C4,0x0000,0x0000,
        0x0000,0x0000,0x0A86,0x6E0A,0x0000,0x0A00,0x2B81,0x7E83,0xE789,0x0041,0x44C3,0x0000,0x0000,0x6683,0x0000,0x0000,
    },
    {
        0x0000,0x0000,0x0080,0x6687,0x05EA,0xA749,0xFFE0,0x0141,0x6D83,0x0000,0x2AC0,0x3C82,0x0001,0x0000,0x0000,0x0000,
        0x0000,0x0000,0x0000,0x0000,0x23C1,0x44C2,0x1B80,0x11C2,0x0A40,0x0000,0x0000,0x0001,0x0081,0x0000,0x0000,0x0000,
        0x0000,0x0000,0x0000,0x0000,0xB7C6,0x4D45,0x0041,0x00C1,0x7647,0x0040,0x45C1,0x09C3,0x0000,0x0000,0x0000,0x0000,
        0x0000,0x0000,0x0000,0x0000,0x0BDE,0x0880,0x65C6,0xCFE5,0xB79B,0x0310,0x0000,0x0000,0x0000,0x0000,0x0000,0x0000,
        0x0000,0x0000,0x0000,0x0000,0x0000,0x3CC3,0x6E48,0xC7E3,0xCFA2,0x0000,0x0000,0x0000,0x0000,0x0000,0x0000,0x0000,
        0x0000,0x0000,0x0000,0xB6D6,0x0000,0x6E8D,0x2C00,0x874E,0xCFE5,0x2426,0x0000,0x0000,0x0000,0x0000,0x0000,0x0000,
        0x0000,0x3C41,0x6CC4,0xC7A6,0x13C1,0x768C,0x0156,0x0000,0xC7E3,0xD7E3,0x0000,0x0000,0x0000,0x0000,0x0000,0x0000,
        0x0000,0x0100,0x0001,0x8E19,0x6E4A,0x6E8B,0x0000,0x0000,0x8711,0xBFA1,0x0000,0x0000,0x0000,0x0000,0x0000,0x0000,
        0x1AC8,0x6583,0x5CC4,0x7513,0x1A95,0x0000,0x0000,0x0000,0x0080,0xFFFD,0x448D,0x0000,0x0000,0x0000,0x0000,0x0000,
        0x2383,0x1A40,0x0000,0x0000,0x0000,0x0000,0x0000,0x0000,0x85D7,0xDFEB,0xEFEC,0x0000,0x0000,0x0000,0x0000,0x0000,
        0x0A00,0x0044,0x0000,0x0000,0x0000,0x0000,0x0000,0x0000,0xA653,0x0140,0x0B41,0x0000,0x0000,0x0000,0x0000,0x0000,
        0x0000,0x0000,0x0000,0x0000,0x0000,0x0000,0x0000,0x0000,0x0000,0x3C43,0x1A00,0x0000,0x0000,0x0000,0x0000,0x0000,
        0x0000,0x0000,0x0000,0x0000,0x0000,0x0000,0x0000,0x0000,0x0000,0x0983,0x0A41,0x014A,0x0040,0x0000,0x0000,0x0000,
        0x0000,0x0000,0x0000,0x0000,0x0000,0x0000,0x0000,0x0000,0x0000,0x0317,0x3C40,0x4D45,0xD79F,0x0000,0x0000,0x0000,
        0x0000,0x0000,0x0000,0x0000,0x0000,0x0000,0x0000,0x0000,0x0000,0x0000,0x2C41,0x3381,0x0080,0x0000,0x0000,0x0000,
        0x0000,0x0000,0x0000,0x0000,0x0000,0x0000,0x0000,0x0000,0x0000,0x0000,0x1A03,0x0000,0x0000,0x0000,0x0000,0x0000,
    },
    {
        0x0000,0x0000,0x0000,0x0000,0x0000,0x0000,0x0342,0x2E00,0x0000,0x0000,0x0000,0x0000,0x0000,0x0000,0x0000,0x0000,
        0x0000,0x0000,0x0000,0x0000,0x0B50,0x5F01,0x3E40,0x2E41,0x3480,0x0000,0x0000,0x0000,0x0000,0x0000,0x0000,0x0000,
        0x0000,0x0000,0x0000,0x0000,0x34C0,0x7780,0x0241,0x0001,0x4681,0x7F44,0x35C1,0x12C5,0x0000,0x0000,0x0000,0x0000,
        0x0104,0x0000,0x12C4,0x3581,0x6ECF,0x2441,0x1A40,0x1301,0x7743,0x8780,0x4E00,0x56C0,0x0000,0x0000,0x0000,0x0000,
        0x0000,0x44C2,0x1341,0x2C80,0x1380,0x1CC1,0x3800,0x0140,0x7FC1,0x34C0,0x0940,0x2E01,0x0000,0x0000,0x0000,0x0000,
        0x0040,0x0000,0x2540,0x2381,0x0001,0x0800,0x8045,0x1B81,0x12C0,0x9F12,0x6E47,0x0A40,0x0000,0x0000,0x0000,0x0000,
        0x0000,0x01C9,0x0000,0x0000,0x0000,0x0000,0x0000,0x0001,0x4DC1,0xD7AD,0xD7E9,0x0000,0x0000,0x0000,0x0000,0x0000,
        0x0000,0x0000,0x0000,0x0000,0x0000,0x08CC,0x08D6,0x0AF5,0x0180,0xCFE7,0xAF59,0x0000,0x0000,0x0000,0x0000,0x0000,
        0x0000,0x0000,0x08D7,0x2BBA,0x3376,0x0001,0x00CD,0x4C7C,0x2378,0x8ECC,0x0233,0x0000,0x0000,0x0000,0x0000,0x0000,
        0x0000,0x0000,0x0000,0x0000,0x1A6B,0x08D8,0x8E49,0xD7E9,0x12ED,0x337D,0x091C,0x0000,0x0000,0x0000,0x0000,0x0000,
        0x0000,0x0000,0x0000,0x0000,0x0000,0x0000,0xCFE5,0xCFDE,0x8DD8,0x12A5,0x6451,0x0000,0x0000,0x0000,0x0000,0x0000,
        0x0000,0x0000,0x0000,0x0000,0x0000,0xC7E0,0xCFE2,0x2AC6,0x3C04,0x5DC8,0x2348,0x0000,0x0000,0x0000,0x0000,0x0000,
        0x0000,0x0000,0x0000,0x00C0,0x0140,0x9E12,0x7FFE,0x1201,0x2300,0x22C0,0x1AC1,0x0000,0x0000,0x0000,0x9F44,0x0001,
        0x0000,0x0000,0x0000,0x0100,0x1283,0x11C0,0x0040,0x0181,0x5E46,0x01C1,0x0000,0x0000,0x0000,0x0040,0x019A,0x0000,
        0x0000,0x0000,0x0000,0x1A87,0x0041,0x0900,0xE7E7,0x5541,0x5D01,0x0040,0x5E47,0x0000,0x0106,0x0418,0x0000,0x0000,
        0x0000,0x0000,0x0000,0x0000,0x0981,0x0040,0x5585,0x0080,0x01C1,0x1281,0x3CC1,0x1D28,0x0000,0x5601,0x0000,0x0000,
    },
    {
        0x0000,0x0000,0x0000,0x0000,0x0043,0x0981,0x00C0,0xF7D4,0x2341,0x3AC0,0x0081,0x0180,0x0001,0x0A58,0x0000,0x0000,
        0x0000,0x0000,0x0000,0x0000,0x3C41,0x5DC2,0x1AC1,0x0100,0x3DC1,0x4C05,0x0000,0x00C0,0x0841,0x0000,0x0000,0x0000,
        0x0000,0x0000,0x0000,0x0000,0x0000,0x4482,0x3C40,0x0001,0x0882,0x34C3,0x1AC2,0x8ECE,0x0218,0x0000,0x0000,0x0000,
        0x0000,0x0000,0x0000,0x0000,0x0000,0x0000,0x1883,0x9792,0xD7E9,0x1204,0x0000,0x0000,0x0000,0x0000,0x0000,0x0000,
        0x0000,0x0144,0x0000,0x0000,0x0146,0x029C,0x6687,0x76CB,0xCFE7,0xC7A0,0x0000,0x0000,0x0000,0x0000,0x0000,0x0000,
        0x0000,0x0A81,0x8F4A,0x0981,0xBF58,0x870E,0x764A,0x0089,0xD7E6,0xD7E8,0x0000,0x0000,0x0000,0x0000,0x0000,0x0000,
        0x0000,0x44C0,0x09C1,0x964E,0x7F0C,0x768C,0x6E4B,0x0000,0x2BC7,0xAFD7,0x0000,0x0000,0x0000,0x0000,0x0000,0x0000,
        0x0081,0x75C7,0x0981,0x0041,0x8D8E,0x6E8B,0x0040,0x0000,0x0000,0xCFE3,0x0083,0x0000,0x0000,0x0000,0x0000,0x0000,
        0x1240,0x2381,0x0000,0x0000,0x0000,0x0000,0x0000,0x0000,0x0000,0x5D48,0xEFF5,0x0000,0x0000,0x0000,0x0000,0x0000,
        0x0000,0x0042,0x0000,0x0000,0x0000,0x0000,0x0000,0x0000,0x00C8,0xDFAD,0xD7A9,0x1984,0x0000,0x0000,0x0000,0x0000,
        0x0000,0x0000,0x0000,0x0000,0x0000,0x0000,0x0000,0x0000,0x0000,0x0081,0x33C0,0x1A16,0x0000,0x0000,0x0000,0x0000,
        0x0000,0x0000,0x0000,0x0000,0x0000,0x0000,0x0000,0x0000,0x0000,0x0040,0xA786,0xD72D,0x0000,0x0000,0x0000,0x0000,
        0x0000,0x0000,0x0000,0x0000,0x0000,0x0000,0x0000,0x0000,0x0000,0x0000,0x1B03,0x2B80,0x0000,0x010A,0x0000,0x0000,
        0x0000,0x0000,0x0000,0x0000,0x0000,0x0000,0x0000,0x0000,0x0000,0x0000,0x0040,0x6E43,0x5D84,0x6D46,0x0000,0x0000,
        0x0000,0x0000,0x0000,0x0000,0x0000,0x0000,0x0000,0x0000,0x0000,0x0000,0x1140,0x0A00,0x0040,0x010A,0x0000,0x0000,
        0x0000,0x0000,0x0000,0x0000,0x0000,0x0000,0x0000,0x0000,0x0000,0x0000,0x0000,0x0001,0x0000,0x0000,0x0000,0x0000,
    },
    {
        0x0000,0x0000,0x0000,0x0000,0x048C,0x0000,0x0000,0x0000,0x0000,0x0000,0x0000,0x0000,0x0000,0x0000,0x0000,0x0000,
        0x0000,0x0344,0x7729,0x5F41,0x5703,0x97CC,0x0000,0x0000,0x0000,0x0000,0x0000,0x0000,0x0000,0x0000,0x0000,0x0000,
        0x0000,0x2482,0x1280,0x4E80,0x8F93,0x7FC0,0x6702,0x0000,0x0000,0x0000,0x0000,0x0000,0x0000,0x0000,0x0000,0x0000,
        0x0000,0x3E81,0x24C1,0x5680,0x56C1,0x87C2,0x6781,0x0000,0x0000,0x0000,0x0000,0x0000,0x0000,0x0000,0x0000,0x0000,
        0x2B82,0x0421,0x4D02,0x3D41,0x1300,0x5EC1,0x0140,0x3D41,0x77C3,0x7780,0x0202,0x0000,0x0000,0x0000,0x0000,0x0000,
        0x0000,0x0000,0x0000,0x0000,0x0000,0x0106,0x0001,0x4E00,0x8F84,0x77C1,0x5F81,0x0281,0x0000,0x0000,0x0000,0x0000,
        0x0000,0x0000,0x0000,0x0000,0x9087,0x3000,0x00C1,0x12C1,0x3DC0,0x6F83,0x5EC0,0xF7E4,0x0000,0x0000,0x0000,0x0000,
        0x0000,0x0000,0x0000,0x0000,0x0000,0x0000,0x0082,0x1182,0x4E01,0x6D8A,0x4E01,0x2480,0x0000,0x0000,0x0000,0x0000,
        0x0000,0x0000,0x0000,0x0000,0x0000,0x0000,0x0040,0x0001,0x5F81,0x0081,0xCFE0,0x0002,0x0000,0x0000,0x0000,0x0000,
        0x0000,0x0000,0x0000,0x0000,0x095A,0x3BF8,0x33F9,0x3378,0x67C0,0xD7E6,0xDFE2,0x0000,0x0000,0x0000,0x0000,0x0000,
        0x0000,0x0000,0x0000,0x211F,0x11E3,0x0006,0xAF8E,0x3377,0x2336,0x0001,0x0098,0x0000,0x0000,0x0000,0x0000,0x0000,
        0x0000,0x0000,0x0000,0x0000,0x0000,0x01D8,0xD7E7,0xA792,0x0A6E,0x11A2,0x094E,0x0000,0x0000,0x0000,0x0000,0x0396,
        0x0000,0x0000,0x0000,0x0000,0x0000,0x4500,0xD7E9,0x00C5,0xF7F9,0x330B,0x0000,0x0000,0x0000,0x0000,0x0141,0x0000,
        0x0000,0x0000,0x0000,0x1305,0x01C0,0xDFEE,0x0040,0x1180,0x1B43,0x0983,0x0082,0x0000,0x0000,0x0108,0x0000,0x0000,
        0x0000,0x0000,0x0000,0x5CD9,0xA70D,0x6E04,0x0940,0x2BC1,0x2340,0x3401,0x0040,0x0000,0x0000,0x00C6,0x0000,0x0000,
        0x0000,0x0000,0x0000,0x6D46,0x0940,0x2BC1,0x5DC3,0x0A00,0x0080,0x0181,0x3D41,0x02D8,0x0000,0x5D81,0x0000,0x0000,
    },
    {
        0x0000,0x0000,0x0000,0x0001,0x2341,0x1100,0x0081,0x0080,0x2B40,0x0D24,0x0001,0x0181,0x0042,0x0044,0x0000,0x0000,
        0x0000,0x0000,0x0000,0x5EC4,0x6E82,0x1180,0x9FC5,0x3C00,0x1B01,0x772F,0x0000,0x0001,0x00C1,0x0000,0x0000,0x0000,
        0x0000,0x0000,0x0000,0x0B05,0x2300,0x5542,0x97CF,0x5F01,0x0101,0xD7E6,0x12C1,0x3D80,0x0000,0x0000,0x0000,0x0000,
        0x0000,0x0000,0x0000,0x0000,0x0000,0x6EC8,0xCFE6,0x0001,0x7F0F,0xD7E7,0xCFDF,0x0000,0x0000,0x0000,0x0000,0x0000,
        0x0000,0x0000,0x0000,0x0000,0x0000,0xAFD6,0xCFE5,0x0001,0x0080,0xA795,0xCFE6,0x0000,0x0000,0x0000,0x0000,0x0000,
        0x0000,0x0000,0x0000,0x0000,0x0000,0x978D,0xD7E6,0x0114,0x7553,0x6ECB,0xA797,0x0000,0x0000,0x0000,0x0000,0x0000,
        0x0000,0x0000,0x0000,0x0000,0x0000,0x0000,0xD7E6,0x0040,0x6511,0x9658,0x0044,0x0000,0x0000,0x0000,0x0000,0x0000,
        0x0000,0x0000,0x0000,0x0000,0x0000,0x6609,0x870C,0x0001,0xE7E3,0x131D,0x0000,0x0000,0x0000,0x0000,0x0000,0x0000,
        0x0000,0x0000,0x0000,0x0000,0x0081,0xF7F8,0x0081,0x1203,0x0103,0x0000,0x0000,0x0000,0x0000,0x0000,0x0000,0x0000,
        0x0000,0x0000,0x0000,0x0000,0x6FB9,0xEFF1,0xCFA0,0x2340,0x0000,0x0000,0x0000,0x0000,0x0000,0x0000,0x0000,0x0000,
        0x0000,0x0000,0x0000,0x0000,0x2383,0x3481,0x0040,0x0081,0x0900,0x0000,0x0000,0x0000,0x0000,0x0000,0x0000,0x0000,
        0x0000,0x0000,0x0000,0x0000,0x7551,0x32C6,0x0000,0x0000,0x0000,0x0000,0x0000,0x0000,0x0000,0x0000,0x0000,0x0000,
        0x0000,0x0000,0x0000,0x0000,0x2C81,0x0181,0x0000,0x0000,0x0000,0x0000,0x0000,0x0000,0x0000,0x0000,0x0000,0x0000,
        0x0000,0x0000,0x0000,0x0000,0x09C0,0x3C43,0x0000,0x0000,0x0000,0x0000,0x0000,0x0000,0x0000,0x0000,0x0000,0x0000,
        0x0000,0x0000,0x0000,0x0000,0x12C1,0x6646,0x0000,0x0000,0x0000,0x0000,0x0000,0x0000,0x0000,0x0000,0x0000,0x0000,
        0x0000,0x0000,0x0000,0x0000,0x0000,0x33C1,0x0000,0x0000,0x0000,0x0000,0x0000,0x0000,0x0000,0x0000,0x0000,0x0000,
    },
    {
        0x0000,0x0000,0x0000,0x0000,0x0C92,0xBF75,0x1CC0,0x0000,0x0000,0x0000,0x0000,0x0000,0x0000,0x0000,0x0000,0x0000,
        0x0000,0x0000,0x018A,0x5EC0,0x6FC1,0xBFD7,0x6780,0x8E86,0x0000,0x0000,0x0000,0x0000,0x0000,0x0000,0x0000,0x0000,
        0x0000,0x0100,0x0140,0x6F81,0x7F88,0x5600,0x5F41,0x2CC1,0x0000,0x0000,0x0000,0x0000,0x0000,0x0000,0x0000,0x0000,
        0x0000,0x56C1,0x23C1,0x8FC1,0x4E80,0x1241,0x1401,0x22C0,0x7FC1,0x4640,0x7FC0,0x0000,0x0001,0x0000,0x0000,0x0000,
        0x0382,0x0080,0x45C1,0x3CC0,0x0140,0x01C1,0x2001,0x4E81,0xD7E0,0x8FC1,0x45C1,0x2540,0x0000,0x0000,0x0000,0x0000,
        0x0000,0x2BC0,0x09C0,0x2340,0x0000,0xA14A,0x0041,0x4E01,0x4540,0x2481,0x0101,0x1C00,0x0B40,0x0000,0x0000,0x0000,
        0x0000,0x0104,0x0942,0x0000,0x0840,0x5087,0x0001,0x09C0,0x5601,0x5641,0xDFF1,0x4402,0x7FC1,0x0000,0x0000,0x0000,
        0x0000,0x0000,0x0000,0x0000,0x0000,0x0000,0x0000,0xD7A3,0x87C1,0x0001,0x96CE,0x0001,0x02C4,0x0000,0x0000,0x0000,
        0x0000,0x0000,0x0000,0x64FF,0x3AF3,0x0006,0x1AF4,0x0001,0x87C1,0xBFE3,0xCFE5,0x0669,0x0000,0x0000,0x0000,0x0000,
        0x0000,0x32F7,0x232F,0x00D5,0x0161,0x2C3B,0x3C3B,0x4C3D,0x2501,0xD7E8,0x0B00,0x0BCA,0x0000,0x0000,0x0000,0x0000,
        0x0000,0x0000,0x0000,0x11E4,0x091B,0x0040,0x764E,0x54FA,0x1A2D,0x0141,0x009C,0x0000,0x0000,0x0000,0x0000,0x0000,
        0x0000,0x0000,0x0000,0x0000,0xD7E2,0xA718,0xD7E4,0x0892,0x2B72,0x54BB,0x011C,0x0000,0x0000,0x0000,0x0000,0x0000,
        0x0000,0x0000,0x0A05,0xE7E8,0x43C7,0x8F4D,0x11C5,0x5334,0xA75A,0x3BFD,0x3443,0x0000,0x0000,0x0000,0x9F08,0xC785,
        0x0000,0x0080,0x43C9,0x1B80,0x0141,0x00D9,0x1A43,0x5D06,0xAF52,0xB727,0x0081,0x0000,0x0000,0x052E,0x052B,0x0000,
        0x0000,0x00C0,0x7CD0,0x0900,0xDFEC,0x6D96,0x2200,0x1A40,0x2301,0x1AC0,0x0000,0x0000,0x0000,0x00C0,0x0000,0x0000,
        0x0000,0x01C8,0x0882,0x0941,0x4D43,0x3342,0x0080,0x2301,0x2B80,0x1240,0x3302,0x0000,0x0000,0x8741,0x0000,0x0000,
    },
    {
        0x0000,0x0000,0x2301,0x2B01,0x0040,0x5D8B,0x3480,0xEF82,0x08C0,0x1AC0,0x8648,0x0000,0x0000,0x1202,0x0000,0x0000,
        0x0000,0x0000,0x0080,0x3341,0xB786,0x3D41,0x0040,0x4301,0x0001,0x00C0,0x00C0,0x0001,0x7506,0x0000,0x0000,0x0000,
        0x0000,0x0000,0x773D,0x5540,0x3CC0,0x1B00,0x1B81,0xC7C4,0x09C1,0x3482,0xDFE5,0x0001,0x0940,0x0000,0x0000,0x0000,
        0x0000,0x0000,0x0040,0x2C85,0x44C4,0x0840,0x0045,0x2481,0x0041,0xCFE7,0xD7E6,0xCFE7,0x0000,0x0000,0x0000,0x0000,
        0x0000,0x0000,0x0146,0x0000,0x1180,0x874D,0xF7F7,0x0081,0x0081,0x8F8E,0x8F12,0xCFE7,0x9F12,0x0000,0x0000,0x0000,
        0x0000,0x0000,0x0000,0x0000,0x021B,0x8F93,0xD7E6,0xC79D,0x0001,0x7DD3,0x2383,0x6EC6,0xAF92,0x0000,0x0000,0x0000,
        0x0000,0x0000,0x0000,0x0000,0x0000,0x76CB,0xD7E6,0xD7E8,0x0101,0xB71F,0x76C6,0x76CB,0x0000,0x0000,0x0000,0x0000,
        0x0000,0x0000,0x0000,0x0000,0x8D9C,0x19C5,0xCFE5,0xCFE5,0xE7E5,0x6D4C,0x7D92,0x0000,0x0000,0x0000,0x0000,0x0000,
        0x0000,0x0000,0x0000,0x0104,0xF7F4,0xA7D2,0x7F0A,0xC7E2,0x5541,0x0000,0x0000,0x0000,0x0000,0x0000,0x0000,0x0000,
        0x0000,0x0000,0x0000,0x0001,0xEFF2,0x4D09,0x55C6,0x1AC1,0x2300,0x0000,0x0000,0x0000,0x0000,0x0000,0x0000,0x0000,
        0x0000,0x0000,0x0040,0x3380,0x95D6,0x9657,0x7D96,0x3300,0x3441,0x0000,0x0000,0x0000,0x0000,0x0000,0x0000,0x0000,
        0x0000,0x0000,0x4500,0x0041,0x3B42,0x0104,0x0000,0x0000,0x0000,0x0000,0x0000,0x0000,0x0000,0x0000,0x0000,0x0000,
        0x0000,0x0000,0x44C1,0x4500,0x0000,0x0000,0x0000,0x0000,0x0000,0x0000,0x0000,0x0000,0x0000,0x0000,0x0000,0x0000,
        0x0000,0x0000,0x0181,0x3443,0x0000,0x0000,0x0000,0x0000,0x0000,0x0000,0x0000,0x0000,0x0000,0x0000,0x0000,0x0000,
        0x0000,0x0000,0x5E02,0x5584,0x0000,0x0000,0x0000,0x0000,0x0000,0x0000,0x0000,0x0000,0x0000,0x0000,0x0000,0x0000,
        0x0000,0x0000,0x0000,0x1241,0x0000,0x0000,0x0000,0x0000,0x0000,0x0000,0x0000,0x0000,0x0000,0x0000,0x0000,0x0000,
    },
    {
        0x0000,0x0000,0x0000,0x0000,0x0000,0x0204,0x6780,0x0280,0x044D,0x0000,0x0000,0x0000,0x0000,0x0000,0x0000,0x0000,
        0x0000,0x0000,0x0000,0x0000,0x1280,0x3500,0x3600,0x87C2,0x3540,0x0000,0x0000,0x0000,0x0000,0x0000,0x0000,0x0000,
        0x0000,0x0000,0x0000,0x6F83,0x3D81,0x0C01,0x0201,0x2D41,0x2C40,0x0000,0x0000,0x0000,0x0000,0x0000,0x0000,0x0000,
        0x0000,0x0000,0x01C1,0x3500,0x5EC0,0x5680,0x12C0,0x3040,0x77C0,0x6744,0x0A44,0x0000,0x0000,0x0000,0x0000,0x0000,
        0x0000,0x0000,0x0140,0x5E80,0x6743,0x45C1,0x0001,0x2CC0,0x9F59,0x87C3,0x4DC1,0x8780,0x0000,0x0000,0x0000,0x0000,
        0x0001,0x4641,0x3580,0x5701,0x45C1,0x0A01,0x0040,0x5E41,0x5741,0x2D40,0x6FC1,0x0D40,0x0000,0x0000,0x0000,0x0000,
        0x0000,0x0000,0x3DC1,0x1281,0x2040,0x5881,0x0001,0x4580,0x4E40,0x23C1,0x6781,0x6F82,0x0000,0x0000,0x0000,0x0000,
        0x0000,0x2401,0x0103,0x01CA,0x0D69,0xA0C7,0x0000,0xD7A3,0x1B80,0x0041,0x1203,0x1341,0x0000,0x0000,0x0000,0x0000,
        0x0000,0x0000,0x0000,0x02D4,0x0000,0x0000,0x0048,0x0001,0x0101,0x42C8,0x1183,0x0080,0x0000,0x0000,0x0000,0x0000,
        0x0000,0x0000,0x0000,0x0000,0x2379,0x1AEE,0x2B2D,0x32EC,0x01C0,0xCFE6,0xDFE3,0x0000,0x0000,0x0000,0x0000,0x0000,
        0x0000,0x0000,0x4B73,0x4BFA,0x0002,0x0001,0x000C,0x09EA,0x0101,0x3382,0x0000,0x0000,0x0000,0x0000,0x0000,0x0000,
        0x0000,0x0000,0x0000,0x1D6D,0x09A0,0x2A83,0xDFEF,0x008E,0x2B33,0x3BF7,0x0001,0x0000,0x0000,0x0000,0x0000,0x0000,
        0x0000,0x0000,0x0000,0x0000,0x0000,0xBFDB,0xCFE2,0x41F5,0x22B3,0x3C3D,0x0043,0x0000,0x0000,0x0000,0x0000,0x0000,
        0x0000,0x0000,0x0000,0x4DDD,0x0000,0xD7E7,0x00C1,0x8692,0xFFFF,0xB7DB,0x0000,0x0000,0x0000,0x0000,0x0000,0x0000,
        0x0000,0x0000,0xA6A2,0x7E12,0x0902,0xD7E6,0x1A41,0x1A80,0x3342,0x3B42,0x0000,0x0000,0x0000,0x0000,0x5D89,0xD7C4,
        0x0000,0x0000,0xC762,0x758F,0x4406,0x86D3,0x2280,0x00C0,0x9F44,0x4CC5,0x0000,0x0000,0x0000,0x0530,0x0086,0x0000,
    },
    {
        0x0000,0x0000,0xDF5B,0x0080,0x4D03,0x4CC1,0x00C1,0x2BC1,0x0001,0x65C6,0x2345,0x0000,0x0106,0x0182,0x0000,0x0000,
        0x0000,0x0000,0x0000,0x0980,0x668B,0x0041,0x1202,0x0A05,0xC742,0x09C1,0x4D02,0x00C4,0x0000,0x6682,0x0000,0x0000,
        0x0000,0x0000,0x0000,0x0041,0xA71E,0x4481,0x6605,0x32C0,0x00C0,0x0184,0x0001,0x0100,0x0000,0x00CC,0x0000,0x0000,
        0x0000,0x0000,0x0000,0x0000,0x4549,0x1B01,0x0040,0x4D84,0x1340,0x1B81,0x08C4,0x0A01,0x33C0,0x0000,0x0000,0x0000,
        0x0000,0x0000,0x0000,0x0001,0x971D,0x2B80,0x3243,0xD7E5,0x96D1,0x3C83,0xD7E6,0x2B80,0x01C8,0x0000,0x0000,0x0000,
        0x0000,0x0000,0x0000,0x5D44,0x7E4C,0x0001,0x8710,0xCFE5,0xD7E6,0x768A,0xCFE5,0xD7E6,0x0000,0x0000,0x0000,0x0000,
        0x0000,0x0000,0x0000,0x2E2C,0xA793,0x0001,0x76CD,0xC7DE,0xCFE7,0xD7E2,0xA759,0xCFE3,0x0000,0x0000,0x0000,0x0000,
        0x0000,0x0000,0x0000,0x0000,0x0000,0x0000,0x4389,0x0940,0xD7E8,0xD7E4,0x0040,0xD7E6,0x0084,0x0000,0x0000,0x0000,
        0x0000,0x0000,0x0000,0x0000,0x0000,0x0000,0xBFA1,0x9FCD,0x9717,0x9F54,0x76CA,0x768A,0x0000,0x0000,0x0000,0x0000,
        0x0000,0x0000,0x0000,0x0000,0x0000,0x0040,0xD7A8,0xFFFC,0x7F0A,0x9E52,0x7D4F,0x0000,0x0000,0x0000,0x0000,0x0000,
        0x0000,0x0000,0x0000,0x0000,0x5E02,0x0040,0x0803,0xB71C,0x7592,0x4386,0x0040,0x0000,0x0000,0x0000,0x0000,0x0000,
        0x0000,0x0000,0x0000,0x0000,0x3401,0x0001,0xA715,0x0001,0x33C0,0x0000,0x0000,0x0000,0x0000,0x0000,0x0000,0x0000,
        0x0000,0x0000,0x0000,0x0000,0x5580,0x2400,0x0000,0x0A41,0x22C0,0x0000,0x0000,0x0000,0x0000,0x0000,0x0000,0x0000,
        0x0000,0x0000,0x0000,0x0000,0x2340,0x3CC3,0x0000,0x2280,0x3D03,0x0000,0x0000,0x0000,0x0000,0x0000,0x0000,0x0000,
        0x0000,0x0000,0x0000,0x0000,0x55C2,0x4D84,0x0000,0x0000,0x0000,0x0000,0x0000,0x0000,0x0000,0x0000,0x0000,0x0000,
        0x0000,0x0000,0x0000,0x0000,0x0000,0x33C0,0x0000,0x0000,0x0000,0x0000,0x0000,0x0000,0x0000,0x0000,0x0000,0x0000,
    },
    {
        0x0000,0x0000,0x0000,0x0000,0x0000,0x0000,0x0000,0x0000,0x0000,0x0000,0x0000,0x0000,0x0000,0x0000,0x0000,0x0000,
        0x0000,0x0000,0x3CC0,0xEFF5,0x7F89,0x0000,0x0000,0x0000,0x0000,0x0000,0x0000,0x0000,0x0BCF,0x0000,0x0000,0x0000,
        0x0000,0x02C8,0x7FC3,0x6F40,0x2D41,0x0040,0x0002,0x0000,0x0000,0x0000,0x0000,0x0001,0x0000,0x0000,0x0000,0x0000,
        0x0000,0x0A00,0xBFD7,0x1200,0x1441,0x5640,0x5EC1,0x6780,0x0000,0x0000,0x0000,0x0000,0x0000,0x00C0,0x0000,0x0000,
        0x038C,0x3D81,0x4640,0x0001,0x13C1,0x7F83,0xCFD8,0x7F42,0x4DC1,0x0000,0x0B59,0x0000,0x0000,0x0000,0x15ED,0x0000,
        0x02CA,0x6F00,0x1201,0x7840,0x3400,0x56C0,0x33C4,0x6741,0x0904,0x0000,0x0000,0x0000,0x0000,0x0000,0x3403,0x0000,
        0x1AC0,0x23C1,0x0E47,0x0000,0x00C0,0x7FC3,0x1044,0x0001,0x0422,0x0000,0x0000,0x0000,0x0000,0x0000,0x76C3,0x0000,
        0x0212,0x0040,0x0140,0x0000,0x0000,0x8FC1,0xCFE5,0x0A01,0x0084,0x0000,0x0000,0x0000,0x0000,0x0000,0x65C0,0x0000,
        0x0AC7,0xCFE6,0x6687,0xCF5A,0x660B,0x1280,0xCFDF,0x2A47,0x1903,0x29C5,0x1101,0x1904,0x21C5,0xC5EA,0xBEA9,0x00C4,
        0x0196,0x5486,0x3C40,0x3C41,0x2C41,0x095A,0x8E3A,0x1A20,0xB7D6,0xF7E7,0xC79C,0xEFD0,0x2C04,0x5E42,0x0943,0x0000,
        0x0000,0x0040,0x2303,0x5D84,0x0081,0x0124,0x75FC,0x0047,0x8F4C,0xC7DE,0xA7D4,0x3CC1,0x0982,0x2BC0,0x4387,0x0000,
        0x0000,0x0000,0x0000,0x0925,0xCF6B,0xF7FB,0xE7F7,0xD7E6,0x008C,0x0000,0x0000,0x0000,0x0000,0x0000,0x5D0B,0x0000,
        0x0000,0x0000,0x0000,0x0000,0x09C1,0x2341,0x1A81,0x1AC0,0x0000,0x0000,0x0000,0x0000,0x0000,0x0000,0x4505,0x0000,
        0x0000,0x0000,0x0000,0x0000,0x0004,0x6E03,0x6647,0x0045,0x0000,0x0000,0x0000,0x0000,0x0000,0x0000,0x874A,0x0000,
        0x0000,0x0000,0x0001,0xEFF3,0x0000,0x0940,0x2B42,0x0000,0x0000,0x0000,0x0086,0x0000,0x0000,0x0000,0x0001,0x0000,
        0x0000,0x0000,0x0A04,0x4B84,0x12C1,0xF7D1,0x0201,0x1341,0x0000,0x0000,0x0000,0x0000,0x0000,0x0042,0x0000,0x0000,
    },
    {
        0x0000,0x0000,0x4C02,0x0040,0xFFDD,0x11C1,0x0100,0xF7E5,0x0000,0x0000,0x0000,0x0003,0x0000,0x0140,0x0000,0x0000,
        0x0000,0x0000,0x0000,0x2B41,0x3C43,0x55C7,0x1AC2,0x0101,0x0106,0x0000,0x0000,0x0000,0x0080,0x0000,0x0000,0x0000,
        0x0000,0x0000,0x0000,0x1AC0,0xBFA2,0x6604,0xC7E1,0x974F,0x23C0,0x0000,0x0000,0x0000,0x0000,0x0000,0x0000,0x0000,
        0x0000,0x0000,0x0000,0x0001,0x418A,0x00C1,0x0001,0x318C,0x0000,0x0000,0x0000,0x0000,0x0000,0x0000,0x0000,0x0000,
        0x0000,0x0000,0x0000,0x8F0B,0xD7E6,0x0084,0x874E,0xCFE4,0x0000,0x0000,0x0000,0x0000,0x0000,0x0000,0x0000,0x0000,
        0x0000,0x0000,0x0000,0x9F4F,0xD7E7,0x0000,0x7F11,0xD7E6,0x0000,0x0000,0x0000,0x0000,0x0000,0x0000,0x0000,0x0000,
        0x0000,0x0000,0x0000,0x1243,0xDFED,0x0000,0x0000,0xD7E7,0x0000,0x0000,0x0000,0x0000,0x0000,0x0000,0x0000,0x0000,
        0x0000,0x0000,0x0000,0x6608,0x8F51,0x0000,0x0000,0x4DC7,0x0001,0x0000,0x0000,0x0000,0x0000,0x0000,0x0000,0x0000,
        0x0000,0x0000,0x0000,0xDFE7,0x870C,0x0000,0x0000,0xB7DA,0xA6D8,0x0000,0x0000,0x0000,0x0000,0x0000,0x0000,0x0000,
        0x0000,0x0000,0xCF1A,0xEFF3,0x9658,0x0000,0x0000,0xDFE8,0xE7F1,0x010E,0x0000,0x0000,0x0000,0x0000,0x0000,0x0000,
        0x0000,0x0000,0x0000,0x0840,0x0040,0x0000,0x0000,0xBF9B,0x3347,0x0000,0x0000,0x0000,0x0000,0x0000,0x0000,0x0000,
        0x0000,0x0000,0x0001,0xFFFE,0x0043,0x0000,0x0000,0x1200,0xC6EF,0x0000,0x0000,0x0000,0x0000,0x0000,0x0000,0x0000,
        0x0000,0x0000,0x0081,0xCEE8,0x0000,0x0000,0x0000,0x0000,0x0040,0x1C2A,0x0000,0x0000,0x0000,0x0000,0x0000,0x0000,
        0x0000,0x0000,0x1240,0x4D81,0x0000,0x0000,0x0000,0x0000,0x3C81,0x0A02,0x0000,0x0000,0x0000,0x0000,0x0000,0x0000,
        0x0000,0x2B42,0x5E08,0x3440,0x0000,0x0000,0x0000,0x0000,0x4480,0x6608,0x1B03,0x0000,0x0000,0x0000,0x0000,0x0000,
        0x0000,0x1281,0x5D45,0x0001,0x0000,0x0000,0x0000,0x0000,0x0040,0x5D85,0x2B00,0x0000,0x0000,0x0000,0x0000,0x0000,
    },
    {
        0x0000,0x0000,0x0200,0x03C4,0x8FC2,0x0000,0x0000,0x0000,0x0000,0x0000,0x0000,0x0000,0x0000,0x0000,0x0000,0x0000,
        0x0000,0x0E28,0x6F82,0x7F4B,0x5680,0x45C0,0x0000,0x0000,0x0000,0x0000,0x0000,0x0000,0x0000,0x4343,0x0000,0x0000,
        0x0000,0x5640,0x5701,0x7FC1,0x1041,0x5F41,0x97C2,0x6702,0x0527,0x0000,0x0000,0x0000,0x0000,0x1282,0x0000,0x0000,
        0x3644,0x6700,0x56C1,0x0A40,0x1341,0x77C1,0x8783,0x5641,0x6781,0x0000,0x0000,0x0000,0x0000,0x0000,0x014A,0x0000,
        0x0000,0x6F40,0x34C1,0x9901,0x2441,0x4D80,0x2400,0x0081,0x3D81,0x0104,0x0000,0x0000,0x0000,0x0000,0x0141,0x0000,
        0x1B40,0x4E81,0x0001,0x7844,0x0A80,0x0081,0x1183,0xBF98,0x00C1,0x0082,0x0000,0x0000,0x0000,0x0000,0x0000,0x0000,
        0x0001,0x13C1,0x11C0,0x0000,0x0104,0x0100,0xDFB1,0xD7E9,0x6FFE,0x0000,0x0000,0x0000,0x0000,0x0000,0x0000,0x1D73,
        0x0000,0x0041,0x00C1,0x09AD,0x008A,0x0040,0xCFE6,0x3485,0x0000,0x0000,0x0000,0x0000,0x0000,0x0000,0x2314,0x3443,
        0x0001,0x0141,0xC7E0,0x0241,0xAF96,0xF7DE,0x53C7,0x4B0E,0x5B0A,0x5B42,0x1248,0x0000,0x0000,0x0000,0x01D0,0x0042,
        0x0000,0x65C9,0x22C0,0x0980,0x0040,0x08C6,0x2B35,0x11E5,0xAFD8,0xD7E4,0xCFE2,0x0040,0x668A,0xC7D6,0x5482,0x00C2,
        0x0000,0x0000,0x0000,0x22C3,0x4D05,0xD7AB,0x0043,0xC767,0x6D46,0x7F49,0x0081,0x0040,0x2B80,0x22C0,0x3501,0x0900,
        0x0000,0x0000,0x0000,0x0000,0x0001,0x7E48,0x5482,0x7F51,0x0081,0x0000,0x0000,0x0000,0x0000,0x0000,0x0463,0x0000,
        0x0000,0x0000,0x0000,0x0000,0x08E1,0x19C0,0xD7C0,0x2AC0,0x10DA,0x0000,0x0000,0x0000,0x0000,0x0000,0x0000,0x33A0,
        0x0000,0x0000,0x0000,0x0080,0x0198,0x3400,0x5540,0x3481,0x0088,0x0000,0x0000,0x0000,0x0000,0x0000,0x0000,0x0CB4,
        0x0000,0x0000,0x08C4,0xD7A8,0x00C2,0x0A01,0x0140,0x4D00,0x0000,0x0000,0x0000,0x0000,0x0000,0x0000,0x0001,0x0000,
        0x0000,0x0000,0x0942,0x4B42,0x1A80,0x1A40,0x2380,0x3C01,0x4481,0x0000,0x0000,0x0000,0x0000,0x0000,0x5485,0x0000,
    },
    {
        0x0000,0x0000,0x0000,0x3401,0xBFCC,0x3C80,0x8681,0x4D00,0x5547,0x0000,0x0000,0x0000,0x0000,0x00C1,0x0000,0x0000,
        0x0000,0x0000,0x0000,0x0001,0x0A40,0x6689,0x4D44,0x7ECC,0x09C2,0x0A88,0x0000,0x0000,0x0000,0x7601,0x0000,0x0000,
        0x0000,0x0000,0x0000,0x9717,0x1A03,0x34C1,0x5DC4,0x54C4,0x1182,0x0088,0x0000,0x0000,0x0000,0x0000,0x0000,0x0000,
        0x0000,0x0000,0x0000,0x0000,0xD7DE,0x2A85,0x0040,0x1140,0xDFE6,0x0000,0x0000,0x0000,0x0000,0x0000,0x0000,0x0000,
        0x0000,0x0000,0x0000,0x0000,0xD7E8,0xBFDD,0x0000,0xBFDC,0xCFE5,0x0000,0x0000,0x0000,0x0000,0x0000,0x0000,0x0000,
        0x0000,0x0000,0x0000,0x0000,0xCFE7,0x76C6,0x0000,0x870F,0xD7E6,0x0000,0x0000,0x0000,0x0000,0x0000,0x0000,0x0000,
        0x0000,0x0000,0x0000,0x0572,0xCFE7,0x1469,0x0000,0x12C4,0xCFE5,0x0000,0x0000,0x0000,0x0000,0x0000,0x0000,0x0000,
        0x0000,0x0000,0x0000,0x1285,0x764A,0x0000,0x0000,0x0000,0x86CE,0x0045,0x0000,0x0000,0x0000,0x0000,0x0000,0x0000,
        0x0000,0x0000,0x0000,0x22C6,0xA795,0x0000,0x0000,0x0001,0x76CF,0x7DCE,0x0000,0x0000,0x0000,0x0000,0x0000,0x0000,
        0x0000,0x0000,0x0042,0xEFF1,0xFFF4,0x13E1,0x0000,0x2B08,0xE7E7,0xF7F7,0x0000,0x0000,0x0000,0x0000,0x0000,0x0000,
        0x0000,0x0000,0x0000,0x2280,0x0983,0x0000,0x0000,0x0000,0x00C1,0x2340,0x0000,0x0000,0x0000,0x0000,0x0000,0x0000,
        0x0000,0x0000,0x0000,0x5CA1,0x2341,0x0000,0x0000,0x0000,0x1AC1,0x33CA,0x0000,0x0000,0x0000,0x0000,0x0000,0x0000,
        0x0000,0x0000,0x0082,0x4D02,0x0040,0x0000,0x0000,0x0000,0x0183,0x4403,0x0000,0x0000,0x0000,0x0000,0x0000,0x0000,
        0x0000,0x0000,0x08C0,0x4D80,0x1318,0x0000,0x0000,0x0000,0x0040,0x4DC1,0x0001,0x0000,0x0000,0x0000,0x0000,0x0000,
        0x0000,0x2300,0x6646,0x1A80,0x0040,0x0000,0x0000,0x0000,0x09C2,0x3C02,0x5E07,0x6602,0x0000,0x0000,0x0000,0x0000,
        0x0000,0x11C0,0x7688,0x01C1,0x0002,0x0000,0x0000,0x0000,0x00C0,0x0001,0x8684,0x3B41,0x0000,0x0000,0x0000,0x0000,
    },
    {
        0x0000,0x0000,0x0BC0,0x2DC1,0x0240,0x0000,0x0000,0x0000,0x0000,0x0000,0x0000,0x0000,0x0000,0x0000,0x0000,0x0000,
        0x0000,0x0000,0x77C1,0x1CC1,0x23C1,0x0253,0x0000,0x0000,0x0000,0x0000,0x0000,0x0000,0x0000,0x0000,0x0000,0x0000,
        0x0000,0x5E80,0x87C2,0x10C1,0x4DC0,0x5F80,0x4540,0x2581,0x0000,0x0000,0x0000,0x0000,0x0000,0x0000,0x0000,0x0000,
        0x4545,0x66C0,0x2D41,0x11C0,0x3581,0xAF60,0x77C1,0x2D80,0x0000,0x0000,0x0000,0x0000,0x0000,0x0000,0x0000,0x0000,
        0x0000,0x7F81,0x0001,0x2380,0x66C0,0x0A01,0xC7E1,0x00C1,0x0000,0x0000,0x0000,0x0000,0x0000,0x0000,0x0000,0x0000,
        0x00C4,0x4600,0x0801,0x2341,0x0181,0x8786,0x5B90,0x00C3,0x0000,0x0000,0x0000,0x0000,0x0000,0x0000,0x0000,0x0000,
        0x0100,0x2441,0x1801,0x0000,0x4D82,0x2C40,0xCFE5,0x11C5,0x0000,0x0000,0x0000,0x0000,0x0000,0x0000,0x0000,0x0000,
        0x0000,0x0982,0x0000,0x0001,0x0040,0x0040,0xCFE5,0x0000,0x0000,0x0000,0x0000,0x0000,0x0000,0x0000,0x0000,0x0000,
        0x1B44,0x0106,0x000C,0x12B0,0x4CBB,0x12DD,0x0001,0x2534,0x0000,0x0000,0x0000,0x0000,0x0000,0x0364,0x0D6E,0x0000,
        0x0000,0x3C78,0x0004,0x9F93,0xD7EB,0x33FB,0x6CFC,0x8D8F,0x0000,0x0000,0x0000,0x0000,0x0000,0x5E01,0x0000,0x0000,
        0x0000,0x0000,0x01A1,0x19C4,0xAF9D,0x9EA2,0x96D3,0xC7B1,0x0000,0x0000,0x0000,0x0000,0x0000,0x4505,0x0000,0x0000,
        0x0000,0x0000,0x0000,0x8F46,0x1A05,0x33C3,0x3BC0,0x4C83,0x0000,0x0000,0x0000,0x0000,0x0000,0x09D2,0x0000,0x0000,
        0x0000,0x0000,0x0000,0x0180,0x55C4,0x1B01,0x0001,0x00C0,0x0000,0x0000,0x0000,0x0082,0x0000,0x0000,0x0000,0x0000,
        0x0000,0x0000,0xBFFA,0x7E85,0x1AC1,0x0040,0x00C0,0x1387,0x6E0F,0x02DC,0x0086,0x0000,0x66C3,0x0000,0x0000,0x0000,
        0x0000,0x0000,0x548D,0x0141,0x1140,0x00C0,0x6D48,0x2C05,0x11C0,0x874C,0x0DA9,0x02CE,0x0149,0x0000,0x0000,0x0000,
        0x0000,0x0000,0x09C1,0x0080,0x0100,0x0081,0x0040,0x2BC3,0x0000,0x0141,0x2381,0x0A00,0x0000,0x0000,0x0000,0x0000,
    },
    {
        0x0000,0x0000,0x0081,0x0A01,0x4445,0x3C01,0x3CC0,0x3C41,0x0000,0x0000,0x9EC6,0x01C2,0x0000,0x0000,0x0000,0x0000,
        0x0000,0x0000,0x1A42,0x0181,0x0A40,0x6606,0x4543,0x76C9,0x0425,0x4D01,0x0000,0x0000,0x0000,0x0000,0x0000,0x0000,
        0x0000,0x0000,0x0000,0x0041,0x7709,0x5584,0x2BC1,0x7705,0x0001,0x0000,0x0000,0x0000,0x0000,0x0000,0x0000,0x0000,
        0x0000,0x0000,0x0000,0x774A,0xD7E4,0x0841,0x2A82,0xEFF0,0x0000,0x0000,0x0000,0x0000,0x0000,0x0000,0x0000,0x0000,
        0x0000,0x0000,0x0000,0x7709,0xD7E6,0x0044,0x86CC,0xCFE5,0x0000,0x0000,0x0000,0x0000,0x0000,0x0000,0x0000,0x0000,
        0x0000,0x0000,0x0000,0x7ECE,0xD7E6,0x0000,0x768A,0xCFE3,0x0000,0x0000,0x0000,0x0000,0x0000,0x0000,0x0000,0x0000,
        0x0000,0x0000,0x0000,0xA7D7,0xCFE5,0x0000,0x5D8A,0xD7E7,0x0000,0x0000,0x0000,0x0000,0x0000,0x0000,0x0000,0x0000,
        0x0000,0x0000,0x0000,0xD7E2,0x4649,0x0000,0x76CB,0x8F4E,0x0000,0x0000,0x0000,0x0000,0x0000,0x0000,0x0000,0x0000,
        0x0000,0x0000,0x85D5,0x2BC2,0x0A80,0x0000,0x0943,0x0A00,0x0000,0x0000,0x0000,0x0000,0x0000,0x0000,0x0000,0x0000,
        0x0000,0x0000,0xDFAD,0xF7F7,0x9654,0x0296,0xB71F,0xF7F4,0x0190,0x0000,0x0000,0x0000,0x0000,0x0000,0x0000,0x0000,
        0x0000,0x0000,0x0001,0x0040,0x0083,0x0000,0x0001,0x09C1,0x0000,0x0000,0x0000,0x0000,0x0000,0x0000,0x0000,0x0000,
        0x0000,0x0000,0x2340,0xCF79,0x0000,0x0000,0x2341,0xFFFF,0x0000,0x0000,0x0000,0x0000,0x0000,0x0000,0x0000,0x0000,
        0x0000,0x0000,0x5412,0x1B40,0x0000,0x0000,0x00C1,0x12C1,0x0000,0x0000,0x0000,0x0000,0x0000,0x0000,0x0000,0x0000,
        0x0000,0x0000,0x0001,0xDF98,0x0000,0x0000,0x0001,0x3CC1,0x1B1C,0x0000,0x0000,0x0000,0x0000,0x0000,0x0000,0x0A87,
        0x0000,0x0000,0x4540,0x5DC6,0x0000,0x0000,0x2301,0x12C0,0x5E07,0x1240,0x0000,0x0000,0x0000,0x0000,0x0000,0x0B01,
        0x0000,0x0000,0x3381,0x6E84,0x0000,0x0000,0x2AC2,0x0001,0x5D83,0x1203,0x0000,0x0000,0x0000,0x0000,0x0000,0x0001,
    },
    {
        0x0000,0x0000,0x0000,0x0000,0x0000,0x0000,0x0200,0x0000,0x0000,0x0000,0x0000,0x0000,0x0000,0x0000,0x0000,0x0000,
        0x0000,0x0000,0x0000,0x0000,0x0000,0xA65C,0x6E20,0xB6EA,0x0000,0x0000,0x0000,0x0000,0x0000,0x0000,0x0000,0x0000,
        0x0000,0x0000,0x0000,0x0000,0x0000,0xCF6F,0x7D9F,0x0141,0x0000,0x0000,0x0000,0x0000,0x0000,0x0000,0x0000,0x0000,
        0x0000,0x0000,0x0000,0x0000,0x0000,0x1180,0x64D1,0x0081,0x3B44,0x0040,0x4CC5,0x6643,0x0000,0x0040,0x0000,0x0000,
        0x0000,0x0000,0x0000,0x0000,0x0000,0x4D45,0x0101,0x6540,0x11C0,0x6606,0x1381,0x5545,0x08C2,0x5CC7,0x4484,0x0000,
        0x0000,0x0000,0x0000,0x0000,0x0000,0x11C0,0x0140,0x0A41,0x86C6,0x1A42,0x1A84,0x3481,0x5D43,0x2303,0x0141,0x00CE,
        0x0000,0x0000,0x0000,0x0000,0x0000,0x3B42,0x2B01,0x2BC1,0x6D4B,0x76C4,0x3402,0x0A41,0x2B82,0x2303,0x4CC0,0x1A85,
        0x0000,0x0000,0x0000,0x0000,0x0000,0x0082,0x0981,0x1A03,0x29C7,0xCFD2,0x2381,0x00C0,0x0080,0x3B40,0xD7A5,0xD7E6,
        0x0000,0x0000,0x0000,0x0000,0x0DAB,0x0982,0x0040,0xC7E3,0xD7E9,0x10C5,0x1A80,0x0040,0x8648,0xCFA8,0xD7E9,0xD7E7,
        0x0000,0x0000,0x0000,0x6D80,0xAE1E,0xBF65,0xA754,0xDFE6,0xD7E7,0x1241,0x0081,0x0141,0xEFF0,0x3A86,0xAF52,0x0981,
        0x0000,0x0A06,0x0100,0x0181,0xEFB9,0x5D89,0xCFE5,0xE7EF,0xCFE4,0x5E07,0x2B00,0xB795,0x2BC3,0x6547,0x0001,0x011A,
        0x0183,0x9FD9,0x0181,0x11C2,0xDF6E,0x6E8D,0xD7E6,0xD7E8,0xC7DE,0x00C1,0x11C0,0x1180,0x0980,0x76CE,0x5E08,0x09C1,
        0x4D40,0x6644,0x0040,0x754F,0x0040,0xD7E8,0xD7E6,0xCFE5,0x870E,0x664B,0x4501,0x0080,0x0081,0x4CC0,0xFFDD,0x2B45,
        0x2BC1,0x33C0,0x1283,0x1181,0xAEDA,0x6E89,0xD7E8,0x6E88,0x870D,0x6608,0x0880,0x3401,0x3301,0x1A00,0x0001,0x4D45,
        0x0001,0x1183,0x0001,0x0082,0x74CD,0x0001,0x7ECC,0x0042,0x0042,0x0001,0x0001,0x0001,0x0042,0x0001,0x0001,0x43C0,
        0x0000,0x0000,0x0000,0x0000,0x0000,0x0000,0x0000,0x0000,0x0000,0x0000,0x0000,0x0000,0x0000,0x0000,0x0000,0x0000,
    },
    {
        0x0000,0x0000,0x0000,0x0000,0x0000,0x0000,0x0000,0x0000,0x0000,0x0000,0x0000,0x0000,0x0000,0x0000,0x0000,0x0000,
        0x0000,0x0000,0x0000,0x0000,0x0000,0x3643,0x5EC1,0x0000,0x8780,0x0000,0x0000,0x0000,0x0000,0x0000,0x0000,0x0000,
        0x0000,0x0000,0x0000,0x0000,0x034E,0x0000,0x0001,0x6700,0x6F87,0x8F37,0x0000,0x0000,0x0000,0x0000,0x0000,0x0000,
        0x0000,0x0000,0x0000,0x0000,0x010C,0x1381,0x1280,0x1D00,0x5740,0x77C1,0x7780,0x0000,0x0000,0x0000,0x0000,0x0000,
        0x028E,0x0001,0x0042,0x0000,0x0A01,0x0040,0x00C1,0x1100,0x1001,0x5F80,0x8F84,0x0000,0x0000,0x0000,0x0000,0x0000,
        0x0085,0x22AF,0x1AEF,0x01A4,0x0001,0x5F40,0x5F81,0x6F80,0x5F41,0x6945,0x4581,0x0002,0x0000,0x0000,0x0000,0x0000,
        0xDFEA,0xBFD7,0x1A6D,0x0001,0x0A40,0x34C1,0x7F40,0x97CF,0x7FC7,0x56C1,0x0141,0x1C64,0x0000,0x0000,0x0000,0x0000,
        0xD7E6,0xCFE2,0x3BBD,0x0040,0x1BC1,0x6FC1,0xC7DC,0x6742,0x6741,0x4E81,0x0001,0x128A,0x0000,0x0000,0x0000,0x0000,
        0xC7E1,0xA795,0x0162,0x3D03,0x2381,0x1B81,0x8FC7,0x7FC0,0x23C0,0x6701,0x1940,0x4F80,0x0000,0x0000,0x0000,0x0000,
        0x4DCB,0x0001,0x22BC,0x23C1,0xC7DD,0x1240,0x0100,0x1280,0x77C3,0x9FC7,0x1A01,0xA5AC,0x0000,0x0000,0x0000,0x0000,
        0x19D9,0x0114,0x0092,0xDFEB,0xDFEB,0xF7F6,0x1B03,0xDFE7,0x1CC1,0x1C41,0x0001,0x7001,0x0000,0x0000,0x0000,0x0000,
        0x0331,0x0166,0x0111,0xDFED,0xCFE2,0xC7A2,0x12C0,0x09C0,0xDFE4,0x67C1,0x56C0,0x10C1,0xD949,0x0000,0x0000,0x0000,
        0x4504,0x5608,0x11E3,0xD7E2,0xC7E1,0xB79C,0xA7D1,0x4DC1,0x4DC3,0x4DC1,0x2C00,0x3E00,0x0801,0x1801,0x0000,0x0000,
        0x3BC8,0x1A46,0x00D0,0x01C1,0xCFE0,0xDFE8,0x8F94,0x4DC1,0x2A80,0x4D81,0x4E00,0x87C0,0x2D01,0x0000,0x0000,0x0000,
        0x1B00,0x7E48,0x0002,0x29E7,0x0041,0x9F47,0x0040,0x0001,0x66C0,0x56C0,0x0182,0x44C0,0x7741,0x7F41,0x1084,0x0000,
        0x0000,0x0000,0x0000,0x0000,0x0000,0x0000,0x0000,0x0040,0x0000,0x03A0,0x3504,0x0000,0x0000,0x0000,0x0000,0x0000,
    },
    {
        0x0000,0x0000,0x0000,0x0000,0x0000,0x0000,0x0284,0xBFCB,0x9782,0x0000,0x0000,0x0000,0x0000,0x0000,0x0000,0x0000,
        0x0000,0x0000,0x0000,0x0000,0x0000,0x0000,0x0000,0x0000,0x7F83,0x9780,0x0000,0x0000,0x0000,0x0000,0x0000,0x0000,
        0x0000,0x0000,0x0000,0x0000,0x2482,0x0000,0x0000,0x1380,0xFFE0,0x8740,0x0ACA,0x0000,0x0000,0x0000,0x0000,0x0000,
        0x0000,0x0000,0x0000,0x0000,0x5DC2,0xF7E4,0x0401,0xD7D3,0xBFC0,0x1381,0x0D01,0xC7D3,0x0000,0x0000,0x0000,0x0000,
        0x0000,0x0BC2,0x0000,0x0000,0x0000,0x7700,0x8F01,0xDFC2,0xD7C8,0x5E00,0xAFC3,0x0184,0x05A2,0x8FC0,0x0000,0x0000,
        0x0B80,0x7F40,0x0000,0x0000,0x2DD9,0x6E81,0xCFC8,0xF7F3,0xCFC2,0x9781,0x8F40,0x01C4,0x7F0D,0x8F83,0x0000,0x0000,
        0x0000,0x01C4,0x0000,0x0B44,0xB7C3,0x9FC3,0xF7F9,0xCFC0,0xBFC1,0xBFC1,0xAFC1,0xA7C0,0x1341,0x66C1,0x02D3,0x0000,
        0x0000,0x0000,0x0598,0x02C1,0xB7C1,0xB7C0,0xCFC2,0xFFFF,0xFFFF,0xBFC1,0xAF80,0xFFF8,0x7681,0x044F,0x0000,0x0000,
        0x0000,0x0000,0xEFFB,0x7701,0xCFCD,0xAFC1,0xFFFE,0xFFFF,0xFFFF,0xFFFF,0xA7C3,0xD7C4,0xA7C1,0x5DC1,0x7682,0x0000,
        0x0000,0x0302,0x8700,0xAFC4,0xBF90,0x293E,0xFFFE,0xFFFF,0xFFFF,0xFFFE,0x31B9,0x86C0,0xB7C3,0x8F40,0x7F00,0x0530,
        0x0000,0x8780,0x7701,0xBFC4,0xFFFE,0x29BD,0x29BF,0xFFFF,0xFFFE,0x39FC,0x41FC,0xFFFE,0xAFC0,0xAF81,0x23C1,0x2401,
        0x0000,0x6E01,0xBFC2,0x9740,0xFFFE,0x217D,0x217D,0xFFFF,0xFFFE,0x213A,0x293E,0xFFFE,0xB7C3,0x8F40,0x4D00,0x1B01,
        0x0000,0x0100,0x7F01,0x6600,0xD7D9,0xFFFE,0xF7BF,0x323F,0x31FE,0xFFFE,0xFFFD,0x9F81,0x7681,0x4480,0x4480,0x0427,
        0x0000,0x0000,0x0140,0xA780,0x6E40,0x9FC2,0xFFFF,0xFFFC,0xFFFC,0xFFFC,0x9F81,0x6601,0x8703,0x5500,0x0000,0x0000,
        0x0000,0x0000,0x0000,0x0084,0x5501,0x4481,0x7F00,0x6641,0x6EC1,0x7F41,0x4D00,0x8740,0x2C40,0x035B,0x0000,0x0000,
        0x0000,0x0000,0x0000,0x0000,0x0000,0x0000,0x0080,0x4D01,0x44C1,0x0001,0x0000,0x0000,0x0000,0x0000,0x0000,0x0000,
    },
    {
        0x0000,0x0000,0x0000,0x0000,0x0000,0x0000,0x5681,0xFFEE,0x0409,0x0000,0x0000,0x0000,0x0000,0x0000,0x0000,0x0000,
        0x0000,0x0000,0x0000,0x0000,0x0000,0x0000,0x0000,0x3D00,0xFFF8,0x9FC2,0x0000,0x0000,0x0000,0x0000,0x0000,0x0000,
        0x0000,0x0000,0x0000,0x0000,0xF7DC,0x040A,0x0000,0x4541,0xFFC8,0x7EC0,0x0000,0x0000,0x0000,0x0000,0x0000,0x0000,
        0x0000,0x0000,0x0000,0x55C2,0xC7CC,0xC784,0x7F80,0xBFC3,0x8F40,0x3480,0x7F8B,0x8FD2,0x0000,0x0000,0x0000,0x0000,
        0x0000,0x0664,0x0000,0x05EB,0x23C2,0x55C0,0x9FC1,0xFFF2,0xBFC1,0x5E00,0xA7C1,0x0000,0x0496,0x5543,0x0000,0x0000,
        0x0C98,0xB7CF,0x0AC0,0xF7ED,0x0346,0x7F40,0xFFF8,0xFFFF,0xC7C0,0x9F40,0x4D81,0x0000,0xD7E3,0x4D03,0x0000,0x0000,
        0x0000,0x024C,0x040D,0x4E81,0xF7E7,0xCFC6,0xBFC2,0xC7C2,0xC7C0,0xBFC1,0x76C0,0x76C0,0x33C0,0x5500,0x0000,0x0000,
        0x0000,0x0000,0x03C6,0x7F40,0xB7C1,0xC7C4,0xCFC0,0xFFFA,0xB781,0xC7C5,0xAFC2,0xE7DB,0x3D40,0x0000,0x0000,0x0000,
        0x0000,0x77C2,0xB7C2,0x8741,0xB7C0,0xAF81,0xFFFF,0xFFFF,0xFFFF,0xFFFF,0xC7C3,0x9740,0x8F01,0x4501,0x0140,0x0000,
        0x0000,0x5DC1,0xA7C1,0x9FC0,0x7D2D,0xFFFF,0xE73F,0xFFFF,0xFFFE,0xE73E,0x9576,0xAFC3,0x9FC0,0xA780,0x3480,0x0000,
        0x3400,0x76C1,0xE7DF,0xB7C0,0xFFBE,0x31BC,0xFFFF,0xFFFE,0xFFFE,0x31BC,0xC63E,0xBFCF,0xEFDA,0xAF80,0x3C80,0x0A41,
        0x2400,0x9781,0x3CC1,0x9781,0xFFFF,0xFFFE,0xFFFF,0xFFFF,0xFFFF,0xFFFE,0xF7BF,0xBFCF,0xAFC0,0x7F00,0x97C1,0x0140,
        0x0000,0x2C41,0x7701,0x9F82,0xFFFF,0xFFFF,0x10C7,0x1906,0x1085,0xFFFE,0xFFFF,0x9741,0x6600,0x5D81,0x3CC0,0x0000,
        0x0000,0x0000,0x4CC0,0xA783,0x3CC1,0x7703,0xFFFE,0xFFFC,0xFFFC,0xFFFE,0x8781,0x4500,0x9F80,0x2340,0x0000,0x0000,
        0x0000,0x0000,0x01C2,0x4D00,0x8F01,0x5D80,0x5580,0x7681,0x5E01,0x7680,0x4D00,0xB7C0,0x3CC1,0x01C3,0x0000,0x0000,
        0x0000,0x0000,0x0000,0x0000,0x056B,0x0000,0x4480,0x5D40,0x4CC1,0x0981,0x0318,0x00C2,0x0000,0x0000,0x0000,0x0000,
    },
    {
        0x0000,0x0000,0x0000,0x0000,0x0000,0x4B54,0x0000,0x0000,0x0000,0x0000,0x3146,0x0000,0x0000,0x0000,0x0000,0x0000,
        0x0000,0x0000,0x0000,0x0000,0x0000,0xEE1B,0x0000,0x0000,0x0000,0x09CA,0xA309,0x0000,0x0000,0x0000,0x0000,0x0000,
        0x0000,0x0000,0x0000,0x024D,0xCDD1,0x61C3,0x5941,0x2902,0x31C4,0xA3C5,0x6140,0xF79B,0x02D4,0x0000,0x0000,0x0000,
        0x0000,0x0000,0x018E,0xA385,0x0001,0x0801,0x9A40,0xFF16,0xD509,0x6981,0x0801,0x20C3,0xAAC0,0x0DB3,0x0000,0x0000,
        0x0000,0x0000,0x9AC1,0x5100,0x30C0,0x6140,0x9309,0xBB83,0xAB81,0x6A02,0x4901,0x71C0,0x3881,0x8A43,0x0000,0x0000,
        0x0000,0x4100,0xB3C7,0x2881,0xA344,0xA2C5,0x0000,0x4942,0x30C0,0x8FFF,0x7A00,0xEE0D,0x2041,0x8200,0x0001,0x0000,
        0x0000,0x79C0,0xCCD2,0x1801,0xEE4C,0x1041,0xCBC3,0xA301,0x9AC1,0x9280,0x1841,0x82C2,0x5940,0x48C0,0x5101,0x0000,
        0x0001,0xA381,0xCC90,0x2841,0x69C0,0x0001,0x4080,0x1881,0x20C1,0x1840,0x0001,0x5141,0x48C0,0x6180,0x9AC1,0x0042,
        0x6182,0xBBC2,0xC48B,0x2000,0x48C1,0xD506,0x3080,0x0001,0x0001,0x1041,0xFF95,0x5940,0x5940,0x7243,0x8A80,0x5102,
        0x5900,0x6980,0xB3C4,0x3041,0x6181,0xB407,0x1881,0x5141,0x4900,0x1041,0x6A01,0x7A00,0x40C1,0x6A01,0x3880,0x5100,
        0x6101,0x5941,0x5941,0x6181,0x5900,0x5900,0xFF55,0x3081,0x1840,0xDDC9,0x5981,0x71C1,0x6183,0x5101,0x3880,0x6100,
        0x50C1,0x3880,0x5940,0xE583,0x5941,0x79C1,0x6140,0x30C1,0x4940,0x40C0,0x8241,0x5941,0xAB85,0x9241,0x2800,0x48C0,
        0x0001,0x5940,0x8A40,0xB382,0x38C1,0x1040,0x0800,0x3903,0x7A41,0x0801,0x2080,0x2040,0x9301,0x7A03,0x3080,0x0001,
        0x0000,0x7981,0x6940,0x6980,0xDD87,0x1000,0x40C1,0x1000,0x0001,0x4901,0x1841,0xFF07,0x6141,0x5900,0x6981,0x0000,
        0x0000,0x1001,0x0800,0x0000,0xA342,0x0841,0x5100,0x79C0,0x5980,0x5100,0x0001,0x6180,0x0000,0x1040,0x1041,0x0000,
        0x0000,0x0000,0x1842,0x0000,0x0000,0x3081,0x0002,0x0000,0x0082,0x3904,0x0001,0x0000,0x0000,0x0001,0x0000,0x0000,
    },
    {
        0x0000,0x0000,0x0880,0x0000,0x0000,0x0000,0x0000,0x0000,0x0000,0x0000,0x0000,0x0000,0x0085,0x0000,0x0000,0x0000,
        0x69C4,0x8286,0x8AC4,0x4288,0x0000,0x0000,0x0000,0x0000,0x0000,0x0000,0x0000,0x0000,0x9B03,0x92C6,0x7245,0x30C1,
        0x0000,0x3080,0x0801,0x9300,0x0800,0x0000,0x0000,0x0000,0x0000,0x0000,0x0000,0x3080,0x5981,0x1000,0x3081,0x0000,
        0x0000,0x25AD,0x3881,0x1841,0xE690,0x0000,0x0000,0x0000,0x0000,0x0A57,0x0000,0x5980,0x1000,0x40C1,0x00C8,0x0000,
        0x0000,0x0000,0x40C0,0x1041,0x6980,0x0000,0x0001,0x0000,0x0000,0x1840,0x0000,0x9305,0x0001,0xC340,0x0082,0x0000,
        0x0000,0x0001,0x2041,0x2881,0x1000,0x0000,0x0840,0x0CD6,0x0000,0x0841,0x0000,0x4100,0x58C0,0x3881,0x8244,0x0000,
        0x0000,0x3881,0x8A41,0x38C1,0x1841,0x0001,0x0000,0xB404,0x69C1,0x0000,0x0041,0x2081,0x3880,0x7180,0x0354,0x0000,
        0x0000,0x0000,0x40C2,0x9A80,0x5102,0x6980,0x0840,0xCC85,0x9AC1,0x2841,0x6980,0x48C0,0x3880,0x0001,0x0000,0x0000,
        0x0000,0x0000,0x0000,0x2081,0x7181,0x0801,0x4900,0x12CD,0x0044,0x40C1,0x0800,0x6141,0x40C0,0x0000,0x0000,0x0000,
        0x0000,0x0000,0x0000,0x0043,0x6140,0x3080,0x0800,0x9B43,0x8240,0x0001,0x3081,0x0001,0x0000,0x0000,0x0000,0x0000,
        0x0000,0x0000,0x0000,0x0000,0x0000,0x6141,0x2041,0x9B45,0xABC6,0x38C0,0x38C1,0x0000,0x0000,0x0000,0x0000,0x0000,
        0x0000,0x0000,0x0000,0x0000,0x0000,0x0001,0x2080,0x3081,0x1800,0x2840,0x00C6,0x0000,0x0000,0x0000,0x0000,0x0000,
        0x0000,0x0000,0x0000,0x0000,0x0000,0x0000,0x0001,0x9B03,0xA2C1,0x2880,0x0000,0x0000,0x0000,0x0000,0x0000,0x0000,
        0x0000,0x0000,0x0000,0x0000,0x0000,0x0000,0xF6CC,0x4941,0x2041,0x7A41,0x0000,0x0000,0x0000,0x0000,0x0000,0x0000,
        0x0000,0x0000,0x0000,0x0000,0x0000,0x0000,0x4900,0x031A,0x0424,0x69C1,0x0000,0x0000,0x0000,0x0000,0x0000,0x0000,
        0x0000,0x0000,0x0000,0x0000,0x0000,0x0000,0x0000,0x0000,0x0000,0x0042,0x0000,0x0000,0x0000,0x0000,0x0000,0x0000,
    },
    {
        0x0000,0x0000,0x0000,0x0000,0x0000,0x0000,0x0000,0xAD68,0x18C6,0x0000,0x0000,0x0000,0x0000,0x0000,0x0000,0x0000,
        0x0000,0x0000,0x0000,0x0000,0x0000,0x0000,0x0000,0x0000,0xEF7D,0xA528,0x0000,0x0000,0x0000,0x0000,0x0000,0x0000,
        0x0000,0x0000,0x0000,0x0000,0x4AD6,0x0000,0x0000,0x198C,0xE77B,0x62D8,0x010A,0x0000,0x0000,0x0000,0x0000,0x0000,
        0x0000,0x0000,0x0000,0x0000,0x52D7,0xDEF6,0x214A,0xEF78,0x841E,0x31CC,0x0A4C,0xAFBC,0x0000,0x0000,0x0000,0x0000,
        0x0DA9,0x0108,0x0000,0x0000,0x0000,0x739D,0x7B9C,0xEF7B,0xA4E6,0x4A93,0xBDED,0x0990,0x01D2,0xD5AE,0x0000,0x0000,
        0x4210,0x631A,0x0000,0x0000,0x256B,0x635A,0xCEB5,0xF7FD,0x94A5,0x6359,0x739D,0x0000,0x5319,0x8CA4,0x0000,0x0000,
        0x0000,0x0085,0x0000,0x0000,0xB5EF,0x5B17,0x7C21,0xA528,0xA528,0x9D29,0x6B5A,0xAD6B,0x2108,0x94A3,0x1363,0x0000,
        0x0000,0x0000,0x0000,0x214A,0x9CE7,0xDEF7,0xA56B,0xE739,0x94A5,0xA569,0x9CE7,0xBDEF,0x94A5,0x18CA,0x0000,0x0000,
        0x0000,0x1C23,0xFFFE,0x739D,0xE738,0x739A,0xF7BD,0xFFFF,0xFFFF,0xFFFF,0x8C62,0xAD68,0xBDEC,0x4A12,0x5254,0x0000,
        0x0000,0x194B,0xA528,0x7BDF,0x5AD7,0xD6F5,0xFFFF,0xFFFF,0xFFFF,0xF7BD,0xFFFC,0x5297,0x6B5B,0x6B5B,0x6319,0x0000,
        0x0000,0xD6B4,0x8461,0x7BDE,0xF7BD,0x4A50,0x4A50,0xFFFC,0xFFFE,0x4251,0x5252,0xFFFE,0x9CE4,0xDEF4,0x39CE,0x1087,
        0x0000,0x6318,0x5294,0xA529,0xF7BD,0x4A53,0x4211,0xFFFE,0xFFFE,0x4211,0x4A10,0xFFFE,0xA569,0x8C20,0x6316,0x10C7,
        0x0000,0x3991,0x6316,0x6316,0x735A,0xFFFF,0xFFFF,0x4A55,0x4A12,0xF7BD,0xFFFF,0x7BDF,0x6319,0x2149,0x3A11,0x0000,
        0x0000,0x0000,0x0883,0x6319,0x6B5A,0x4210,0xFFFE,0xF7FF,0xFFFF,0xF7FD,0x739A,0x5295,0x7BDF,0x5292,0x0296,0x0000,
        0x0000,0x0000,0x0000,0x08C5,0x5295,0x39CF,0x739D,0x5AD7,0x6B5B,0x3A11,0x4A53,0x7BDE,0x4A54,0x0002,0x0000,0x0000,
        0x0000,0x0000,0x0000,0x0000,0x0000,0x0000,0x0042,0x4A51,0x4A12,0x2108,0x04EE,0x0000,0x0000,0x0000,0x0000,0x0000,
    },
    {
        0x0000,0x218A,0x1086,0x0082,0x0000,0x0000,0x0000,0x0000,0x0000,0x0000,0x0000,0x0000,0xC5F2,0x1084,0x1906,0x0000,
        0x0046,0x18C6,0x5295,0x2106,0x4464,0x0000,0x0000,0x0000,0x0000,0x0000,0x0000,0x22D0,0x298A,0x5A94,0x0842,0x0001,
        0x0000,0x0800,0x294B,0x1084,0xFFFE,0x0000,0x0000,0x0000,0x0000,0x0000,0x0000,0xDF37,0x1084,0x294B,0x3A10,0x0000,
        0x0000,0x0000,0x6319,0x739C,0x8C62,0x0000,0x0000,0x0000,0x0000,0x0000,0x0000,0xBE2F,0x5AD6,0x5AD7,0x0000,0x0000,
        0x0000,0x0000,0x6316,0x18C6,0x4A52,0x0000,0x0087,0x0000,0x0000,0xCE76,0x0000,0x5292,0x18C7,0xEF78,0x0000,0x0000,
        0x0000,0x0884,0x39CF,0x18C6,0x18C4,0x1042,0x08C9,0x0000,0x0000,0x731A,0x0000,0x1084,0x10C5,0x39CC,0x52D4,0x0000,
        0x0000,0x031B,0x6B5D,0x5AD4,0x318A,0xBDF0,0x01D0,0x298B,0x8C62,0x08C6,0x6B9C,0x294B,0x94A4,0x6B9B,0x0000,0x0000,
        0x0000,0x0000,0x0000,0x4A93,0x5252,0x318C,0x18C4,0xDEF7,0xDEF7,0x1085,0x5B17,0x5295,0x1085,0x03A0,0x0000,0x0000,
        0x0000,0x0000,0x0000,0x2149,0x5AD4,0x318A,0x1084,0xF7BD,0xDEF5,0x9CE7,0x18C7,0x39CE,0x39CE,0x0000,0x0000,0x0000,
        0x0000,0x0000,0x0000,0x0000,0x0085,0x294A,0x0001,0x1084,0x0043,0x31CF,0x4A52,0x1046,0x0000,0x0000,0x0000,0x0000,
        0x0000,0x0000,0x0000,0x0000,0x0000,0x0001,0x18C7,0xC630,0x5AD7,0x18C6,0x41D0,0x0000,0x0000,0x0000,0x0000,0x0000,
        0x0000,0x0000,0x0000,0x0000,0x0000,0x0000,0x0842,0x0001,0x294A,0x4A10,0x05B1,0x0000,0x0000,0x0000,0x0000,0x0000,
        0x0000,0x0000,0x0000,0x0000,0x0000,0x0000,0x18C4,0x841E,0x5AD7,0x2109,0x0000,0x0000,0x0000,0x0000,0x0000,0x0000,
        0x0000,0x0000,0x0000,0x0000,0x0000,0x0000,0xA568,0x39CC,0x318C,0x739A,0x0000,0x0000,0x0000,0x0000,0x0000,0x0000,
        0x0000,0x0000,0x0000,0x0000,0x0000,0x0000,0x4210,0x0000,0x018A,0x0843,0x0000,0x0000,0x0000,0x0000,0x0000,0x0000,
        0x0000,0x0000,0x0000,0x0000,0x0000,0x0000,0x0000,0x0000,0x0000,0x0040,0x0000,0x0000,0x0000,0x0000,0x0000,0x0000,
    },
    {
        0x0000,0x0000,0x0000,0x0000,0x0000,0x0000,0x0000,0x0000,0x0000,0x0000,0x0000,0x0000,0x0000,0x0000,0x0000,0x0000,
        0x7604,0x6D84,0x0000,0x0000,0x0000,0x0000,0x0001,0x0000,0x0000,0x0000,0x0000,0x0000,0x0000,0x0000,0x0000,0x0000,
        0x0000,0xA708,0x0000,0x0000,0x0000,0x0000,0x86C9,0x0000,0x0000,0x0000,0x0000,0x0000,0x0000,0x0000,0x0000,0x0000,
        0x5D4A,0xA7CF,0xAF92,0xB795,0xA793,0x974E,0x7E49,0x3C07,0x0000,0x0000,0x0000,0x0000,0x0000,0x0000,0x0000,0x0000,
        0x0143,0x2242,0x1180,0x2B02,0x1A40,0x1241,0x2B80,0x1A82,0x0000,0x0000,0x0000,0x0000,0x0000,0x0000,0x0000,0x0000,
        0x0B90,0x1200,0x0000,0x0000,0x0000,0x0000,0x3381,0x0000,0x0000,0x0000,0x0000,0x0000,0x0000,0x0000,0x0000,0x0000,
        0x6DC7,0x3C40,0x0000,0x0000,0x0000,0x0000,0x0080,0x0000,0x0000,0x0000,0x0000,0x0000,0x0000,0x0000,0x0000,0x0000,
        0x0000,0x0000,0x0000,0x0000,0x0000,0x0000,0x0000,0x0000,0x0000,0x0000,0x0000,0x0000,0x0000,0x0000,0x0000,0x0000,
        0x0000,0x0000,0x0000,0x0000,0x0000,0x0000,0x0000,0x0000,0x0000,0x0000,0x0000,0x0000,0x0000,0x0000,0x0000,0x0000,
        0x0000,0x0000,0x0000,0x0000,0x0000,0x0000,0x0000,0x0000,0x0000,0x0000,0x0000,0x0000,0x0000,0x0000,0x0000,0x0000,
        0x0000,0x0000,0x0000,0x0000,0x0000,0x0000,0x0000,0x0000,0x0000,0x0000,0x0000,0x0000,0x0000,0x0000,0x0000,0x0000,
        0x0000,0x0000,0x0000,0x0000,0x0000,0x0000,0x0000,0x0000,0x0000,0x0000,0x0000,0x0000,0x0000,0x0000,0x0000,0x0000,
        0x0000,0x0000,0x0000,0x0000,0x0000,0x0000,0x0000,0x0000,0x0000,0x0000,0x0000,0x0000,0x0000,0x0000,0x0000,0x0000,
        0x0000,0x0000,0x0000,0x0000,0x0000,0x0000,0x0000,0x0000,0x0000,0x0000,0x0000,0x0000,0x0000,0x0000,0x0000,0x0000,
        0x0000,0x0000,0x0000,0x0000,0x0000,0x0000,0x0000,0x0000,0x0000,0x0000,0x0000,0x0000,0x0000,0x0000,0x0000,0x0000,
        0x0000,0x0000,0x0000,0x0000,0x0000,0x0000,0x0000,0x0000,0x0000,0x0000,0x0000,0x0000,0x0000,0x0000,0x0000,0x0000,
    },
    {
        0x0000,0x0000,0x0000,0xE7AE,0x1AC3,0x0000,0x0000,0x0000,0x0000,0x0000,0x0000,0x0000,0x0000,0x0000,0x0000,0x0000,
        0x00C2,0xF7DC,0x65C1,0x0100,0x0040,0x4481,0x86C5,0x0000,0x0000,0x0000,0x0000,0x0000,0x0000,0x0000,0x0000,0x0000,
        0x0000,0x0000,0x0000,0xCFE3,0x1A80,0x0000,0x0000,0x0000,0x0000,0x0000,0x0000,0x0000,0x0000,0x0000,0x0000,0x0000,
        0x0000,0x0000,0x0000,0xBFDA,0x2301,0x0000,0x0000,0x0000,0x0000,0x0000,0x0000,0x0000,0x0000,0x0000,0x0000,0x0000,
        0x0000,0x0000,0x0000,0xD7E9,0x2300,0x0000,0x0000,0x0000,0x0000,0x0000,0x0000,0x0000,0x0000,0x0000,0x0000,0x0000,
        0x0000,0x0000,0x6E0F,0x868C,0x1A40,0x7606,0x0000,0x0000,0x0000,0x0000,0x0000,0x0000,0x0000,0x0000,0x0000,0x0000,
        0x0000,0xDFDA,0x54C4,0x9F53,0x2B03,0x6583,0x8683,0x0000,0x0000,0x0000,0x0000,0x0000,0x0000,0x0000,0x0000,0x0000,
        0x0000,0x7E87,0x0000,0x0100,0x0942,0x0000,0x44C1,0x0000,0x0000,0x0000,0x0000,0x0000,0x0000,0x0000,0x0000,0x0000,
        0x0000,0x0000,0x0000,0x0000,0x0000,0x0000,0x0000,0x0000,0x0000,0x0000,0x0000,0x0000,0x0000,0x0000,0x0000,0x0000,
        0x0000,0x0000,0x0000,0x0000,0x0000,0x0000,0x0000,0x0000,0x0000,0x0000,0x0000,0x0000,0x0000,0x0000,0x0000,0x0000,
        0x0000,0x0000,0x0000,0x0000,0x0000,0x0000,0x0000,0x0000,0x0000,0x0000,0x0000,0x0000,0x0000,0x0000,0x0000,0x0000,
        0x0000,0x0000,0x0000,0x0000,0x0000,0x0000,0x0000,0x0000,0x0000,0x0000,0x0000,0x0000,0x0000,0x0000,0x0000,0x0000,
        0x0000,0x0000,0x0000,0x0000,0x0000,0x0000,0x0000,0x0000,0x0000,0x0000,0x0000,0x0000,0x0000,0x0000,0x0000,0x0000,
        0x0000,0x0000,0x0000,0x0000,0x0000,0x0000,0x0000,0x0000,0x0000,0x0000,0x0000,0x0000,0x0000,0x0000,0x0000,0x0000,
        0x0000,0x0000,0x0000,0x0000,0x0000,0x0000,0x0000,0x0000,0x0000,0x0000,0x0000,0x0000,0x0000,0x0000,0x0000,0x0000,
        0x0000,0x0000,0x0000,0x0000,0x0000,0x0000,0x0000,0x0000,0x0000,0x0000,0x0000,0x0000,0x0000,0x0000,0x0000,0x0000,
    },
    {
        0x0000,0x0000,0x0000,0x0000,0x0000,0x0000,0x0000,0x0000,0x0000,0x0000,0x0000,0x0000,0x0000,0x0000,0x0000,0x0000,
        0x0000,0x0000,0x0000,0xFFEC,0x7F01,0x0000,0x0000,0x0000,0x0000,0x0000,0x0000,0x0000,0x0000,0x0000,0x0000,0x0000,
        0x0000,0x0000,0x0000,0xFFDE,0x7681,0x0000,0x0000,0x0000,0x0000,0x0000,0x0000,0x0000,0x0000,0x0000,0x0000,0x0000,
        0x0182,0xE7DF,0xF7E1,0xE7C8,0x5D80,0xE7DD,0xCF96,0x0B4E,0x0000,0x0000,0x0000,0x0000,0x0000,0x0000,0x0000,0x0000,
        0x0000,0x0ACB,0x8F81,0x9702,0x5540,0x6601,0x0042,0x0000,0x0000,0x0000,0x0000,0x0000,0x0000,0x0000,0x0000,0x0000,
        0x0000,0x0000,0xEFD0,0x5500,0x6E41,0x8F40,0x0000,0x0000,0x0000,0x0000,0x0000,0x0000,0x0000,0x0000,0x0000,0x0000,
        0x0000,0x024A,0x7E42,0x4480,0x3CC1,0x8740,0x0046,0x0000,0x0000,0x0000,0x0000,0x0000,0x0000,0x0000,0x0000,0x0000,
        0x0000,0xDF8F,0x056E,0x0000,0x0000,0x0D2A,0x86C1,0x0000,0x0000,0x0000,0x0000,0x0000,0x0000,0x0000,0x0000,0x0000,
        0x0000,0x0000,0x0000,0x0000,0x0000,0x0000,0x0000,0x0000,0x0000,0x0000,0x0000,0x0000,0x0000,0x0000,0x0000,0x0000,
        0x0000,0x0000,0x0000,0x0000,0x0000,0x0000,0x0000,0x0000,0x0000,0x0000,0x0000,0x0000,0x0000,0x0000,0x0000,0x0000,
        0x0000,0x0000,0x0000,0x0000,0x0000,0x0000,0x0000,0x0000,0x0000,0x0000,0x0000,0x0000,0x0000,0x0000,0x0000,0x0000,
        0x0000,0x0000,0x0000,0x0000,0x0000,0x0000,0x0000,0x0000,0x0000,0x0000,0x0000,0x0000,0x0000,0x0000,0x0000,0x0000,
        0x0000,0x0000,0x0000,0x0000,0x0000,0x0000,0x0000,0x0000,0x0000,0x0000,0x0000,0x0000,0x0000,0x0000,0x0000,0x0000,
        0x0000,0x0000,0x0000,0x0000,0x0000,0x0000,0x0000,0x0000,0x0000,0x0000,0x0000,0x0000,0x0000,0x0000,0x0000,0x0000,
        0x0000,0x0000,0x0000,0x0000,0x0000,0x0000,0x0000,0x0000,0x0000,0x0000,0x0000,0x0000,0x0000,0x0000,0x0000,0x0000,
        0x0000,0x0000,0x0000,0x0000,0x0000,0x0000,0x0000,0x0000,0x0000,0x0000,0x0000,0x0000,0x0000,0x0000,0x0000,0x0000,
    },
    {
        0x0000,0x0000,0x0000,0x0000,0x0A0A,0x0000,0x0000,0x0000,0x0000,0x0000,0x0000,0x0000,0x0000,0x0000,0x0000,0x0000,
        0x0000,0x0000,0x0000,0x979E,0x0540,0x0040,0x0000,0x0000,0x0000,0x0000,0x0000,0x0000,0x0000,0x0000,0x0000,0x0000,
        0x0000,0x0B84,0xA7A7,0xFFFE,0x0580,0x0600,0x3C8A,0x0000,0x0000,0x0000,0x0000,0x0000,0x0000,0x0000,0x0000,0x0000,
        0x5DE3,0x1782,0xC7EB,0xCFEE,0x0E80,0x0EC1,0x0400,0x8E8D,0x0000,0x0000,0x0000,0x0000,0x0000,0x0000,0x0000,0x0000,
        0x0000,0x0BC1,0x47C4,0x0DC0,0x01C0,0x0600,0x0281,0x0420,0x0000,0x0000,0x0000,0x0000,0x0000,0x0000,0x0000,0x0000,
        0x0000,0x0000,0x0400,0x0540,0x01C0,0x0241,0x0002,0x0000,0x0000,0x0000,0x0000,0x0000,0x0000,0x0000,0x0000,0x0000,
        0x0000,0x0000,0x0000,0x1440,0x0C03,0x0102,0x0000,0x0000,0x0000,0x0000,0x0000,0x0000,0x0000,0x0000,0x0000,0x0000,
        0x0000,0x0000,0x0000,0x05B0,0x0146,0x0000,0x0000,0x0000,0x0000,0x0000,0x0000,0x0000,0x0000,0x0000,0x0000,0x0000,
        0x0000,0x0000,0x0000,0x0000,0x0000,0x0000,0x0000,0x0000,0x0000,0x0000,0x0000,0x0000,0x0000,0x0000,0x0000,0x0000,
        0x0000,0x0000,0x0000,0x0000,0x0000,0x0000,0x0000,0x0000,0x0000,0x0000,0x0000,0x0000,0x0000,0x0000,0x0000,0x0000,
        0x0000,0x0000,0x0000,0x0000,0x0000,0x0000,0x0000,0x0000,0x0000,0x0000,0x0000,0x0000,0x0000,0x0000,0x0000,0x0000,
        0x0000,0x0000,0x0000,0x0000,0x0000,0x0000,0x0000,0x0000,0x0000,0x0000,0x0000,0x0000,0x0000,0x0000,0x0000,0x0000,
        0x0000,0x0000,0x0000,0x0000,0x0000,0x0000,0x0000,0x0000,0x0000,0x0000,0x0000,0x0000,0x0000,0x0000,0x0000,0x0000,
        0x0000,0x0000,0x0000,0x0000,0x0000,0x0000,0x0000,0x0000,0x0000,0x0000,0x0000,0x0000,0x0000,0x0000,0x0000,0x0000,
        0x0000,0x0000,0x0000,0x0000,0x0000,0x0000,0x0000,0x0000,0x0000,0x0000,0x0000,0x0000,0x0000,0x0000,0x0000,0x0000,
        0x0000,0x0000,0x0000,0x0000,0x0000,0x0000,0x0000,0x0000,0x0000,0x0000,0x0000,0x0000,0x0000,0x0000,0x0000,0x0000,
    },
    {
        0x0000,0x0000,0x0000,0x0000,0x9FC6,0x4601,0x0000,0x0000,0x0000,0x0000,0x0000,0x0000,0x0000,0x0000,0x0000,0x0000,
        0x0000,0x0000,0x2C40,0x4DC0,0x4C81,0x3C81,0x2C81,0x0E6C,0x0000,0x0000,0x0000,0x0000,0x0000,0x0000,0x0000,0x0000,
        0x0000,0x4E40,0x3DC0,0xCFD9,0x2401,0x1240,0x3EC0,0x0080,0x0000,0x0000,0x0000,0x0000,0x0000,0x0000,0x0000,0x0000,
        0x7740,0x2B81,0x0100,0x0140,0x3D40,0x1281,0x1880,0x1341,0x0000,0x0000,0x0000,0x0000,0x0000,0x0000,0x0000,0x0000,
        0x0000,0x0001,0xD7E0,0x0040,0x1A81,0x1200,0x91C0,0x2300,0x0000,0x0000,0x0000,0x0000,0x0000,0x0000,0x0000,0x0000,
        0x0000,0x2505,0xC7E3,0xC7E3,0x4DC0,0x0000,0x0000,0x0040,0x0000,0x0000,0x0000,0x0000,0x0000,0x0000,0x0000,0x0000,
        0x0000,0x0000,0x0914,0x3B3C,0x091A,0x22AF,0x056D,0x0000,0x0000,0x0000,0x0000,0x0000,0x0000,0x0000,0x0000,0x0000,
        0x0000,0x0217,0x7CFE,0x2AB4,0x0004,0x0000,0x0000,0x0000,0x0000,0x0000,0x0000,0x0000,0x0000,0x0000,0x0000,0x0000,
        0x0000,0x0000,0x0000,0x0000,0x0000,0x0000,0x0000,0x0000,0x0000,0x0000,0x0000,0x0000,0x0000,0x0000,0x0000,0x0000,
        0x0000,0x0000,0x0000,0x0000,0x0000,0x0000,0x0000,0x0000,0x0000,0x0000,0x0000,0x0000,0x0000,0x0000,0x0000,0x0000,
        0x0000,0x0000,0x0000,0x0000,0x0000,0x0000,0x0000,0x0000,0x0000,0x0000,0x0000,0x0000,0x0000,0x0000,0x0000,0x0000,
        0x0000,0x0000,0x0000,0x0000,0x0000,0x0000,0x0000,0x0000,0x0000,0x0000,0x0000,0x0000,0x0000,0x0000,0x0000,0x0000,
        0x0000,0x0000,0x0000,0x0000,0x0000,0x0000,0x0000,0x0000,0x0000,0x0000,0x0000,0x0000,0x0000,0x0000,0x0000,0x0000,
        0x0000,0x0000,0x0000,0x0000,0x0000,0x0000,0x0000,0x0000,0x0000,0x0000,0x0000,0x0000,0x0000,0x0000,0x0000,0x0000,
        0x0000,0x0000,0x0000,0x0000,0x0000,0x0000,0x0000,0x0000,0x0000,0x0000,0x0000,0x0000,0x0000,0x0000,0x0000,0x0000,
        0x0000,0x0000,0x0000,0x0000,0x0000,0x0000,0x0000,0x0000,0x0000,0x0000,0x0000,0x0000,0x0000,0x0000,0x0000,0x0000,
    },
    {
        0x0000,0x0000,0x0000,0x0000,0x0000,0x0000,0x0000,0x0000,0x0000,0x0000,0x0000,0x0000,0x0000,0x0000,0x0000,0x1D00,
        0x0000,0x0000,0x0000,0x0000,0x0000,0x0000,0x0000,0x0000,0x0000,0x0000,0x0000,0x0000,0x0000,0x0000,0x0000,0x0000,
        0x0000,0x0000,0x0000,0x0000,0x0000,0x0000,0x0000,0x0000,0x0000,0x0000,0x0000,0x0000,0x0000,0x0000,0x0000,0x0000,
        0x0000,0x0000,0x0000,0x0000,0x0000,0x0000,0x0000,0x0000,0x0000,0x0000,0x0000,0x0000,0x0000,0x0000,0x0000,0x0000,
        0x0000,0x0000,0x0000,0x0000,0x0000,0x0000,0x0000,0x0000,0x2667,0x0000,0x0000,0x0000,0x0000,0x0000,0x0000,0x23C0,
        0x0000,0x0000,0x0000,0x0000,0x0000,0x0000,0x0000,0x1CC7,0x3502,0x0000,0x0000,0x0000,0xBFCD,0x0000,0x0B40,0xEFD6,
        0x0000,0x0000,0x0000,0x0000,0x0000,0x0000,0x0284,0xF7E0,0x7745,0x0000,0x0000,0x03CE,0xDFC9,0x1303,0xB7C2,0xF7F8,
        0x0000,0x0000,0x0000,0x0000,0x0000,0x0000,0x0100,0x4DC1,0x0200,0x0000,0x0000,0x0B4A,0xA7C1,0x76C0,0xEFD2,0xFFF2,
        0x0000,0x0000,0x0000,0x0000,0x0000,0x0000,0x0000,0x0000,0x0000,0x5643,0x13C0,0x6E81,0x8F00,0xFFF8,0xD7D8,0xFFFF,
        0x0000,0x0000,0x0000,0x0000,0x0000,0x0000,0x0000,0x0000,0x7F43,0x9F81,0x7640,0xB7C3,0xF7E0,0xDFCD,0xDFD1,0xD7D2,
        0x0000,0xBFC3,0x0000,0x0000,0x0000,0x0000,0x0000,0x7702,0xFFFD,0x8F81,0x9F81,0xB7C0,0xEFDB,0xDFC8,0xCFC3,0xFFFC,
        0x1C01,0xE7D0,0x0100,0x0000,0x0000,0x0000,0x0286,0x8781,0xF7E5,0xAFC0,0xAFC0,0xB7C0,0xD7CE,0xD7C5,0xFFFF,0xFFFF,
        0x0242,0x7F01,0x0142,0x0000,0x14D0,0xCF8D,0x2C84,0xB7C0,0xA7C1,0x9F81,0xCFCB,0xBFC3,0xCFC2,0xFFFD,0xFFFF,0xFFFF,
        0x0000,0x00C3,0x0000,0x05A9,0xE7E1,0x2CC0,0x8FC1,0xFFF9,0xB7C3,0xF7E1,0xD7C7,0xC7C5,0xFFFE,0xFFFF,0xFFFF,0xFFFF,
        0x0000,0x0000,0x0000,0x34C1,0xBF80,0xB7C0,0xAFC0,0xAF80,0xDFDD,0xCFC6,0xCFC5,0xFFFF,0xFFFF,0xFFFF,0xFFFF,0xFFFF,
        0x0000,0x0000,0x0000,0x4581,0xB7C3,0xAFC0,0xA783,0x9FC0,0xAFC0,0xC7C0,0xFFFC,0x31BE,0x3A7F,0xFFFF,0xFFFF,0xFFFF,
    },
    {
        0x7E98,0x0E6D,0x0000,0x0000,0x0000,0x0000,0x0000,0x0000,0x0000,0x0000,0x0000,0x0000,0x0000,0x0000,0x0000,0x0000,
        0x1401,0xFFFF,0x6EC0,0x0000,0x0000,0x0000,0x0000,0x0000,0x0000,0x0000,0x0000,0x0000,0x0000,0x0000,0x0000,0x0000,
        0x0BC1,0xA7C0,0xB782,0x0000,0x0000,0x0000,0x0000,0x0000,0x0000,0x0000,0x0000,0x0000,0x0000,0x0000,0x0000,0x0000,
        0x0AC0,0xF7DC,0xAFC0,0x0241,0x0000,0x0000,0x0000,0x0000,0x0000,0x0000,0x0000,0x0000,0x0000,0x0000,0x0000,0x0000,
        0xD7D2,0xB7C3,0x8700,0x0200,0x0000,0x1668,0x0000,0x0000,0x0000,0x0000,0x0000,0x0000,0x0000,0x0000,0x0000,0x0000,
        0xFFEC,0x9740,0x6601,0x0000,0x0000,0xDFCC,0x0242,0x0000,0x0000,0x0000,0x0000,0x0000,0x0000,0x0000,0x0000,0x0000,
        0xB7C2,0xA7C0,0x55C1,0x02C2,0x2540,0xE7D9,0x5E40,0x0000,0x0000,0x0000,0x0000,0x0000,0x0000,0x0000,0x0000,0x0000,
        0xB7C1,0x8F00,0x8701,0x6E81,0xEFCD,0x6E80,0x3501,0x0000,0x0000,0x1E98,0x0000,0x0000,0x0000,0x0000,0x0000,0x0000,
        0xC7C0,0x9780,0xAFC1,0x7EC1,0x8F00,0x23C1,0x0000,0x0000,0x0000,0x0000,0x0000,0x0000,0x4D47,0x0000,0x0000,0x0000,
        0xC7C1,0xBFC1,0x9781,0x7EC1,0x9FC1,0x34C1,0x8742,0x2619,0x0000,0x0000,0x0000,0x0000,0xFFFA,0x0416,0x0000,0x0000,
        0xC7C1,0xC7C2,0x9741,0xA7C1,0x9F81,0x6E41,0x6F00,0xB7C7,0x02C4,0x0000,0x0000,0x8783,0xBFC2,0x4CC0,0x0000,0x0000,
        0xFFFF,0xC7C3,0xC7C0,0x86C1,0x7680,0x7680,0xFFF4,0xCFC0,0x4D40,0x0000,0x0000,0x01C3,0x9F80,0x2C02,0x0000,0x0000,
        0xFFFF,0xFFFC,0xBFC0,0xBFC1,0xC7C6,0x7F40,0xC7C6,0x6641,0x5580,0x02C3,0x0F22,0x0000,0x0100,0x0000,0x0000,0x0000,
        0xFFFF,0xFFFF,0xFFFF,0xBFC3,0xB7C1,0xB781,0xB780,0xA7C0,0x7EC0,0x1B80,0x7F01,0x01C2,0x0000,0x0000,0x0000,0x0000,
        0xFFFF,0xFFFF,0xFFFF,0xFFFF,0xB7C1,0xA781,0xB7C0,0x97C0,0x76C0,0x9F80,0xAFC1,0x4D41,0x0000,0x0000,0x0000,0x0000,
        0xFFFF,0xFFFF,0xFFFE,0x31BF,0xF7FD,0xAF80,0x9F81,0x8F41,0x76C0,0xDFCF,0x8741,0x3481,0x0419,0x0000,0x0000,0x0000,
    },
    {
        0x0000,0x1516,0x0000,0x2440,0x8701,0xAFC1,0x5E01,0xC7C1,0xBFC3,0xCFCA,0xFFFF,0x323F,0x3A3C,0xB5FE,0xFFFF,0xFFFF,
        0x0000,0xA7C4,0x0000,0x5600,0x9F80,0x9780,0xBFC9,0xBFC1,0xB7C1,0xCFCA,0xFFFE,0x21BF,0x29FF,0x323F,0xFFFF,0xFFFF,
        0x01C1,0xF7E4,0x1343,0xAFC0,0x7681,0x9F42,0xA7C0,0x6EC0,0xB7C0,0xCFCC,0xFFFF,0x31FE,0x31FF,0x323F,0xFFFF,0xFFFF,
        0x0A02,0xA7C0,0xE7CA,0x9FC1,0x6641,0x8F41,0xCFDD,0xAFC0,0xAFC3,0xBFCB,0xFFFF,0x6B7E,0x6BBE,0x73FF,0xFFFF,0xFFFF,
        0x0000,0x3D01,0x9F80,0xB7C4,0x7F00,0x5581,0x8F81,0xB7C1,0x9780,0xB7CC,0xFFFE,0xFFFF,0xFFFF,0xFFFF,0xFFFF,0xFFFF,
        0x0000,0x0080,0x5581,0x9781,0x6640,0x2381,0x5580,0x8701,0xA7C1,0x9743,0xFFFC,0xFFFF,0xFFFF,0xFFFE,0x29FD,0x323D,
        0x0000,0x0000,0x0001,0x5540,0x7700,0x5581,0x8F01,0x2C01,0x6E00,0x8F40,0x9782,0xFFFA,0xFFFF,0xFFFF,0xFFFE,0xFFFE,
        0x0000,0x0000,0x0000,0x0A03,0x3441,0x2C00,0x97C0,0x9F40,0x2BC1,0x7681,0x8F41,0x9FC4,0x97C1,0xD7C4,0xD7C4,0xD7C7,
        0x0000,0x0000,0x0000,0x0000,0x0A80,0x2300,0x3C40,0x8701,0x76C1,0x4500,0x7680,0x8F40,0x7EC0,0xA780,0xAFC0,0xAFC0,
        0x0000,0x0000,0x0000,0x0000,0x039A,0x0000,0x01C2,0x2B81,0x4D00,0x7F01,0x3441,0x4501,0x97C1,0x4501,0x9780,0xAFC0,
        0x0000,0x0000,0x0000,0x0000,0x7F42,0x6D80,0x0000,0x0144,0x2401,0x4D40,0x7F01,0x3C80,0x4501,0xAFC0,0x4541,0x9F81,
        0x0000,0x0000,0x0000,0x0000,0x0186,0xA7C3,0x0A81,0x0000,0x0000,0x1A80,0x2BC0,0x7EC0,0x12C1,0x7680,0xAF80,0x4D81,
        0x0000,0x0000,0x0000,0x0000,0x0000,0x03D4,0x0082,0x0000,0x0000,0x0000,0x00C0,0x2BC1,0x6E81,0x3401,0x97C1,0xE7C6,
        0x0000,0x0000,0x0000,0x0000,0x0000,0x0000,0x0000,0x0000,0x0000,0x0000,0x0000,0x0000,0x44C1,0x0181,0x6641,0x6E81,
        0x0000,0x0000,0x0000,0x0000,0x0000,0x0000,0x0000,0x0000,0x0000,0x0000,0x0000,0x0000,0x035E,0x0086,0x0940,0x5DC0,
        0x0000,0x0000,0x0000,0x0000,0x0000,0x0000,0x0000,0x0000,0x0000,0x0000,0x0000,0x0000,0x0000,0x0000,0x0000,0x0981,
    },
    {
        0xFFFF,0x8CBE,0x7BFE,0x3A3F,0xFFFF,0xAFC2,0xB7C2,0x8700,0xAFC0,0x8F41,0x6601,0x2BC1,0xA7C0,0x0000,0x0000,0x0000,
        0xFFFE,0x3A3F,0x31FD,0x323F,0xFFFF,0xA783,0x7680,0x8741,0x9FC1,0x8F41,0x3D01,0xA7C0,0x4D40,0x0314,0x1382,0x03A0,
        0xFFFF,0x31FE,0x31FC,0x3A3E,0xFFFE,0xA780,0xBFC5,0x97C1,0x9FC0,0x5D80,0x6E00,0x5DC1,0x44C1,0x0100,0x7F00,0x3480,
        0xFFFE,0x7C3C,0x6BBF,0x7BFF,0xFFFF,0xA782,0x7EC0,0x6E40,0x5601,0x4D00,0x8F81,0x5E00,0x7F00,0xA7C1,0x4D81,0x0B01,
        0xFFFE,0xFFFE,0xFFFF,0xFFFF,0xFFFF,0xAFC2,0x8F00,0x5D80,0x3441,0x3441,0x5581,0x5D80,0x8F41,0x65C0,0x3400,0x04E3,
        0x29BC,0xF7BF,0xFFFF,0xFFFF,0xFFFC,0x8F41,0x76C0,0x4D80,0x9F81,0x8701,0x3C41,0x7E80,0x6641,0x4501,0x22C4,0x0000,
        0xFFFF,0xFFFC,0xFFFF,0xFFFC,0x8F41,0x6601,0x5500,0xC7C3,0xAFC1,0x2C00,0x3481,0x2B40,0x2C00,0x0181,0x0000,0x0000,
        0xDFC8,0xDFCA,0xB7C2,0x9780,0x5D80,0x4501,0x7701,0x7F00,0x5601,0x1B41,0x4E00,0x2C01,0x0001,0x0000,0x0000,0x0000,
        0xA7C1,0x9741,0x65C1,0x55C1,0x3C81,0x5E00,0x9FC1,0x44C0,0x0181,0x4D40,0x23C0,0x0042,0x0000,0x0000,0x0000,0x0000,
        0x6E41,0x5DC0,0x5DC1,0x5D81,0x5580,0x4540,0x1B81,0x6601,0x3C80,0x0001,0x0000,0x0000,0x0000,0x0000,0x0000,0x0000,
        0x6641,0x4D41,0x4CC0,0x6600,0x6600,0x2B41,0x3CC1,0x44C0,0x0298,0x0391,0x7642,0x0000,0x0000,0x0000,0x0000,0x0000,
        0x3440,0x4501,0x3440,0x6E01,0x3401,0x1B41,0x0001,0x0000,0x0100,0xF7CB,0x2C41,0x0000,0x0000,0x0000,0x0000,0x0000,
        0x4D00,0x2B81,0x2340,0x3C80,0x0080,0x0000,0x0000,0x0000,0x0040,0x1200,0x0000,0x0000,0x0000,0x0000,0x0000,0x0000,
        0x2BC0,0x7600,0x33C0,0x0000,0x0000,0x0000,0x0000,0x0000,0x0000,0x0000,0x0000,0x0000,0x0000,0x0000,0x0000,0x0000,
        0x4D00,0x1241,0x0000,0x0000,0x0000,0x0000,0x0000,0x0000,0x0000,0x0000,0x0000,0x0000,0x0000,0x0000,0x0000,0x0000,
        0x09C2,0x0000,0x0000,0x0000,0x0000,0x0000,0x0000,0x0000,0x0000,0x0000,0x0000,0x0000,0x0000,0x0000,0x0000,0x0000,
    },
    {
        0x0000,0x0000,0x0000,0x0000,0x0000,0x0000,0x0000,0x0000,0x0000,0x0000,0x0000,0x0000,0x0000,0x0000,0x0000,0x0000,
        0x0000,0x0000,0x0000,0x0000,0x0000,0x0000,0x0000,0x0000,0x0000,0x0000,0x0000,0x0000,0x0000,0x0000,0x0000,0x0000,
        0x0000,0x0000,0x0000,0x0000,0x0000,0x0000,0x0000,0x0000,0x0000,0x0000,0x0000,0x0000,0x0000,0x0000,0x0000,0x0000,
        0xB7D8,0x0000,0x0000,0x4FD0,0xD7C3,0x0000,0x0000,0x0000,0x0000,0x0000,0x0000,0x0000,0x0000,0x0000,0x0000,0x0000,
        0x0000,0x0000,0x0000,0x778B,0xEFE8,0x0000,0x0000,0x0000,0x0000,0x0000,0x0000,0x0000,0x0000,0x0000,0x0000,0x0000,
        0x0000,0x0000,0x0000,0x0000,0x0000,0x0000,0x0000,0x0000,0x0000,0x0000,0x0000,0x0000,0x0000,0x0000,0x0000,0x0000,
        0x0000,0x5FDD,0x6FCB,0x0000,0x0000,0x0000,0x0000,0x0000,0x0000,0x0000,0x0000,0x0000,0x0000,0x0000,0x0000,0x0000,
        0x0000,0x0000,0x0000,0x0000,0x0000,0xEFEB,0x0000,0x0000,0x0000,0x0000,0x0000,0x0000,0x0000,0x0000,0x0000,0x0000,
        0x0000,0x0000,0x0000,0x0000,0x0000,0x0000,0x0000,0x0000,0x0000,0x0000,0x0000,0x0000,0x0000,0x0000,0x0000,0x0000,
        0x0000,0x0000,0x0000,0x0000,0x0000,0x0000,0x0000,0x0000,0x0000,0x0000,0x0000,0x0000,0x0000,0x0000,0x0000,0x0000,
        0x0000,0x0000,0x0000,0x0000,0x0000,0x0000,0x0000,0x0000,0x0000,0x0000,0x0000,0x0000,0x0000,0x0000,0x0000,0x0000,
        0x0000,0x0000,0x0000,0x0000,0x0000,0x0000,0x0000,0x0000,0x0000,0x0000,0x0000,0x0000,0x0000,0x0000,0x0000,0x0000,
        0x0000,0x0000,0x0000,0x0000,0x0000,0x0000,0x0000,0x0000,0x0000,0x0000,0x0000,0x0000,0x0000,0x0000,0x0000,0x0000,
        0x0000,0x0000,0x0000,0x0000,0x0000,0x0000,0x0000,0x0000,0x0000,0x0000,0x0000,0x0000,0x0000,0x0000,0x0000,0x0000,
        0x0000,0x0000,0x0000,0x0000,0x0000,0x0000,0x0000,0x0000,0x0000,0x0000,0x0000,0x0000,0x0000,0x0000,0x0000,0x0000,
        0x0000,0x0000,0x0000,0x0000,0x0000,0x0000,0x0000,0x0000,0x0000,0x0000,0x0000,0x0000,0x0000,0x0000,0x0000,0x0000,
    },
    {
        0x0000,0x0000,0x0000,0x0000,0x0000,0x0000,0x0000,0x0000,0x0000,0x0000,0x0000,0x0000,0x0000,0x0000,0x0000,0x0000,
        0x0000,0x0000,0x0000,0x2641,0x0000,0x0000,0x0000,0x0000,0x0000,0x0000,0x0000,0x0000,0x0000,0x0000,0x0000,0x0000,
        0x0000,0x0000,0xFFFF,0xA780,0xBFC2,0x4F43,0x0000,0x0000,0x0000,0x0000,0x0000,0x0000,0x0000,0x0000,0x0000,0x0000,
        0x0000,0x0000,0x8F81,0xFFFF,0xEFDD,0x3682,0x0000,0x0000,0x0000,0x0000,0x0000,0x0000,0x0000,0x0000,0x0000,0x0000,
        0x0000,0x0000,0xC7C2,0xFFFD,0xE7D1,0x3681,0x0000,0x0000,0x0000,0x0000,0x0000,0x0000,0x0000,0x0000,0x0000,0x0000,
        0x0000,0x0000,0xFFFB,0x8F81,0x3F01,0x5F01,0x0000,0x0000,0x0000,0x0000,0x0000,0x0000,0x0000,0x0000,0x0000,0x0000,
        0x0000,0x0000,0x0000,0x2640,0x0000,0x0000,0x0000,0x0000,0x0000,0x0000,0x0000,0x0000,0x0000,0x0000,0x0000,0x0000,
        0x0000,0x0000,0x0000,0x0000,0x0000,0x0000,0x0000,0x0000,0x0000,0x0000,0x0000,0x0000,0x0000,0x0000,0x0000,0x0000,
        0x0000,0x0000,0x0000,0x0000,0x0000,0x0000,0x0000,0x0000,0x0000,0x0000,0x0000,0x0000,0x0000,0x0000,0x0000,0x0000,
        0x0000,0x0000,0x0000,0x0000,0x0000,0x0000,0x0000,0x0000,0x0000,0x0000,0x0000,0x0000,0x0000,0x0000,0x0000,0x0000,
        0x0000,0x0000,0x0000,0x0000,0x0000,0x0000,0x0000,0x0000,0x0000,0x0000,0x0000,0x0000,0x0000,0x0000,0x0000,0x0000,
        0x0000,0x0000,0x0000,0x0000,0x0000,0x0000,0x0000,0x0000,0x0000,0x0000,0x0000,0x0000,0x0000,0x0000,0x0000,0x0000,
        0x0000,0x0000,0x0000,0x0000,0x0000,0x0000,0x0000,0x0000,0x0000,0x0000,0x0000,0x0000,0x0000,0x0000,0x0000,0x0000,
        0x0000,0x0000,0x0000,0x0000,0x0000,0x0000,0x0000,0x0000,0x0000,0x0000,0x0000,0x0000,0x0000,0x0000,0x0000,0x0000,
        0x0000,0x0000,0x0000,0x0000,0x0000,0x0000,0x0000,0x0000,0x0000,0x0000,0x0000,0x0000,0x0000,0x0000,0x0000,0x0000,
        0x0000,0x0000,0x0000,0x0000,0x0000,0x0000,0x0000,0x0000,0x0000,0x0000,0x0000,0x0000,0x0000,0x0000,0x0000,0x0000,
    },
    {
        0x0000,0x0000,0x0000,0x0000,0x0000,0x1AD7,0x0000,0x0000,0x0000,0x0000,0x09D1,0x0000,0x0000,0x0000,0x0000,0x0000,
        0x0000,0x0000,0x0000,0x0000,0x0000,0x4471,0x0000,0x0000,0x0000,0x0000,0x23EA,0x0000,0x0000,0x0000,0x0000,0x0000,
        0x0000,0x0000,0x0000,0x0148,0xAE7D,0x229E,0x01D3,0x00C6,0x0084,0x0A16,0x0215,0x0000,0x0000,0x0000,0x0000,0x0000,
        0x0000,0x0000,0x0C23,0x4C75,0x02E3,0x010A,0x23F1,0x8E7B,0x3474,0x23AD,0x0001,0x0086,0x442F,0x02DA,0x0000,0x0000,
        0x0000,0x0000,0x3475,0x4470,0x32E7,0x0B22,0x2C38,0x2C75,0x2430,0x44B3,0x1B64,0x0109,0x963A,0x342E,0x0000,0x0000,
        0x0000,0x014E,0x132B,0x125E,0x6CFB,0x2BEF,0xFFD1,0x2C78,0x653D,0xEFCB,0x1B25,0x3BEA,0x3431,0x029F,0x00C6,0x0000,
        0x0000,0x3CF4,0x12E9,0x021B,0xA6FE,0x09D4,0x1A9E,0x1369,0x3C74,0x12E3,0x00CA,0xBF3F,0x0A9B,0x23ED,0x1B1E,0x0000,
        0x0001,0x2C2E,0x136B,0x0A5D,0x2BE8,0x00CC,0x1192,0x0042,0x0001,0x094E,0x0042,0x3C2D,0x0193,0x3CF5,0x3473,0x01D0,
        0x0996,0x2C2F,0x2C2E,0x0219,0x0A9A,0x1B24,0x010C,0x0193,0x0192,0x0950,0xF7FE,0x0217,0x0193,0x3472,0x34B4,0x09D4,
        0x1B22,0x0A9E,0x44F2,0x014E,0x1BA7,0x763D,0x0044,0x02E1,0x0A9E,0x0001,0x23A7,0x1BEA,0x010C,0x2CB3,0x1325,0x09D7,
        0x1B68,0x0A98,0x0A9F,0x0A5C,0x0B22,0x1321,0x8E3F,0x0190,0x014E,0x4CB5,0x0ADD,0x0B1F,0xC77E,0x242D,0x010A,0x0992,
        0x12A1,0x0A56,0x23EB,0x12E1,0x029F,0x23EC,0x3433,0x0084,0x00C5,0x75FC,0x23EC,0x0ADD,0xAF3E,0x1C2D,0x01D1,0x0992,
        0x0001,0x0214,0x2C72,0x44F7,0x09D4,0x0001,0x0086,0x4CF4,0x4DBC,0x00C8,0x0044,0x0AE1,0x2C2B,0x23EA,0x1322,0x0192,
        0x0042,0x1AE2,0x1B65,0x1B64,0x3BEC,0x0A17,0x0215,0x11D6,0x0A18,0x0A57,0x090A,0x01D6,0x1BA6,0x2C6E,0x1C2B,0x00C6,
        0x0000,0x1A9E,0x0044,0x0000,0x3CB6,0x00C7,0x0A5C,0x1364,0x0A18,0x0A19,0x0042,0x34F6,0x0000,0x0001,0x00C9,0x0000,
        0x0000,0x0000,0x0042,0x0000,0x0000,0x2259,0x03A9,0x0000,0x0254,0x09D9,0x0046,0x0000,0x0000,0x0044,0x0000,0x0000,
    },
    {
        0x0C25,0x3B61,0x0912,0x4CB3,0x0000,0x0000,0x0000,0x0000,0x0000,0x0000,0x0000,0x0000,0x863C,0x1A59,0x3320,0x0360,
        0x0084,0x0002,0x1AE3,0x0A5C,0x0001,0x0000,0x0000,0x0000,0x0000,0x0000,0x0000,0x00CA,0x125E,0x11D5,0x0001,0x0000,
        0x0000,0x12DE,0x0A9C,0x0088,0x7E3B,0x0000,0x0000,0x0000,0x0000,0x0000,0x0000,0x4CFB,0x0088,0x025B,0x029B,0x0000,
        0x0000,0x0086,0x0A9C,0x12E4,0x44F7,0x0000,0x0000,0x0000,0x0000,0x05AD,0x0000,0x863C,0x1A9E,0x1B22,0x0086,0x0000,
        0x0000,0x0002,0x3C70,0x01D7,0x0A5B,0x0000,0x00C4,0x0000,0x0000,0x54B3,0x0000,0x23EB,0x00C8,0x6D7A,0x0044,0x0000,
        0x0000,0x4D34,0x0217,0x014C,0x0042,0x0000,0x0001,0x0424,0x0000,0x0A59,0x0000,0x125B,0x1B64,0x12E1,0x342C,0x0000,
        0x0000,0x00C6,0x0ADF,0x13A8,0x01D3,0x2369,0x0000,0x3CB5,0x54F6,0x0108,0x1B64,0x0990,0x0192,0x1365,0x0000,0x0000,
        0x0000,0x0000,0x01D0,0x33E7,0x0259,0x1AA3,0x0044,0x6D79,0x2C31,0x129C,0x1B63,0x0217,0x09D4,0x0A16,0x0000,0x0000,
        0x0000,0x0000,0x0000,0x0ADE,0x1322,0x0990,0x0001,0x2290,0x4472,0x33AA,0x014F,0x23A8,0x029D,0x0469,0x0000,0x0000,
        0x0000,0x0000,0x0000,0x0001,0x09D6,0x12E1,0x0002,0x5BC9,0x1A50,0x11D6,0x2366,0x0A5B,0x0000,0x01D4,0x0000,0x0000,
        0x0000,0x0000,0x0000,0x0000,0x0000,0x1BA9,0x0001,0x1325,0x44B6,0x0190,0x1365,0x0000,0x0000,0x0000,0x0000,0x0000,
        0x0000,0x0000,0x0000,0x0000,0x0000,0x0462,0x0042,0x09D5,0x0044,0x0ADF,0x010A,0x0000,0x0000,0x0000,0x0000,0x0000,
        0x0000,0x0000,0x0000,0x0000,0x0000,0x0000,0x0042,0x242D,0x2C2B,0x094C,0x0000,0x0000,0x0000,0x0000,0x0000,0x0000,
        0x0000,0x0000,0x0000,0x0000,0x0000,0x0000,0x2BE8,0x0A5B,0x12E1,0x0257,0x0000,0x0000,0x0000,0x0000,0x0000,0x0000,
        0x0000,0x0000,0x0000,0x0000,0x0000,0x0000,0x129E,0x0042,0x0001,0x0260,0x0000,0x0000,0x0000,0x0000,0x0000,0x0000,
        0x0000,0x0000,0x0000,0x0000,0x0000,0x0000,0x0253,0x052A,0x0000,0x0150,0x0000,0x0000,0x0000,0x0000,0x0000,0x0000,
    },
    {
        0x0000,0x0000,0x0000,0x0000,0x9FC6,0x4601,0x0000,0x0000,0x0000,0x0000,0x0000,0x0000,0x0000,0x0000,0x0000,0x0000,
        0x0000,0x0000,0x2C40,0x4DC0,0x4C81,0x3C81,0x2C81,0x0E6C,0x0000,0x0000,0x0000,0x0000,0x0000,0x0000,0x0000,0x0000,
        0x0000,0x4E40,0x3DC0,0xCFD9,0x2401,0x1240,0x3EC0,0x0080,0x0000,0x0000,0x0000,0x0000,0x0000,0x0000,0x0000,0x0000,
        0x7740,0x2B81,0x0100,0x0140,0x3D40,0x1281,0x1880,0x1341,0x0000,0x0000,0x0000,0x0000,0x0000,0x0000,0x0000,0x0000,
        0x0000,0x0001,0xD7E0,0x0040,0x1A81,0x1200,0x91C0,0x2300,0x0000,0x0000,0x0000,0x0000,0x0000,0x0000,0x0000,0x0000,
        0x0000,0x2505,0xC7E3,0xC7E3,0x4DC0,0x0000,0x0000,0x0040,0x0000,0x0000,0x0000,0x0000,0x0000,0x0000,0x0000,0x0000,
        0x0000,0x0000,0x0914,0x3B3C,0x091A,0x22AF,0x056D,0x0000,0x0000,0x0000,0x0000,0x0000,0x0000,0x0000,0x0000,0x0000,
        0x0000,0x0217,0x7CFE,0x2AB4,0x0004,0x0000,0x0000,0x0000,0x0000,0x0000,0x0000,0x0000,0x0000,0x0000,0x0000,0x0000,
        0x0000,0x0000,0x0000,0x0000,0x0000,0x0000,0x0000,0x0000,0x0000,0x0000,0x0000,0x0000,0x0000,0x0000,0x0000,0x0000,
        0x0000,0x0000,0x0000,0x0000,0x0000,0x0000,0x0000,0x0000,0x0000,0x0000,0x0000,0x0000,0x0000,0x0000,0x0000,0x0000,
        0x0000,0x0000,0x0000,0x0000,0x0000,0x0000,0x0000,0x0000,0x0000,0x0000,0x0000,0x0000,0x0000,0x0000,0x0000,0x0000,
        0x0000,0x0000,0x0000,0x0000,0x0000,0x0000,0x0000,0x0000,0x0000,0x0000,0x0000,0x0000,0x0000,0x0000,0x0000,0x0000,
        0x0000,0x0000,0x0000,0x0000,0x0000,0x0000,0x0000,0x0000,0x0000,0x0000,0x0000,0x0000,0x0000,0x0000,0x0000,0x0000,
        0x0000,0x0000,0x0000,0x0000,0x0000,0x0000,0x0000,0x0000,0x0000,0x0000,0x0000,0x0000,0x0000,0x0000,0x0000,0x0000,
        0x0000,0x0000,0x0000,0x0000,0x0000,0x0000,0x0000,0x0000,0x0000,0x0000,0x0000,0x0000,0x0000,0x0000,0x0000,0x0000,
        0x0000,0x0000,0x0000,0x0000,0x0000,0x0000,0x0000,0x0000,0x0000,0x0000,0x0000,0x0000,0x0000,0x0000,0x0000,0x0000,
    },
    {
        0x0000,0x0000,0x7CD5,0xDFD0,0xC7C8,0x85C8,0x0000,0x0000,0x0000,0x0000,0x0000,0x0000,0x0000,0x0000,0x0000,0x0000,
        0x0000,0xEFEF,0xF7ED,0xFFFC,0xFFFC,0xB784,0xCFC5,0x0000,0x0000,0x0000,0x0000,0x0000,0x0000,0x0000,0x0000,0x0000,
        0xD6E1,0xDFDC,0xCFC5,0xFFFF,0x903E,0xB7C0,0x9F81,0x2343,0x0000,0x0000,0x0000,0x0000,0x0000,0x0000,0x0000,0x0000,
        0xD78E,0xF7BD,0x683E,0x993F,0x3835,0x4834,0x1281,0x8682,0x0000,0x0000,0x0000,0x0000,0x0000,0x0000,0x0000,0x0000,
        0xC7C4,0x8F43,0x807E,0x3035,0x2026,0x787C,0x2340,0x7603,0x0000,0x0000,0x0000,0x0000,0x0000,0x0000,0x0000,0x0000,
        0x4CC2,0x8680,0xCFCB,0x683C,0xA8BF,0xB745,0x6541,0x1242,0x0000,0x0000,0x0000,0x0000,0x0000,0x0000,0x0000,0x0000,
        0x0000,0x8640,0x3CC1,0x1A80,0x0100,0x86C0,0x4441,0x0000,0x0000,0x0000,0x0000,0x0000,0x0000,0x0000,0x0000,0x0000,
        0x0000,0x0000,0x3382,0x65C1,0x5DC1,0x22C3,0x0000,0x0000,0x0000,0x0000,0x0000,0x0000,0x0000,0x0000,0x0000,0x0000,
        0x0000,0x0000,0x0000,0x0000,0x0000,0x0000,0x0000,0x0000,0x0000,0x0000,0x0000,0x0000,0x0000,0x0000,0x0000,0x0000,
        0x0000,0x0000,0x0000,0x0000,0x0000,0x0000,0x0000,0x0000,0x0000,0x0000,0x0000,0x0000,0x0000,0x0000,0x0000,0x0000,
        0x0000,0x0000,0x0000,0x0000,0x0000,0x0000,0x0000,0x0000,0x0000,0x0000,0x0000,0x0000,0x0000,0x0000,0x0000,0x0000,
        0x0000,0x0000,0x0000,0x0000,0x0000,0x0000,0x0000,0x0000,0x0000,0x0000,0x0000,0x0000,0x0000,0x0000,0x0000,0x0000,
        0x0000,0x0000,0x0000,0x0000,0x0000,0x0000,0x0000,0x0000,0x0000,0x0000,0x0000,0x0000,0x0000,0x0000,0x0000,0x0000,
        0x0000,0x0000,0x0000,0x0000,0x0000,0x0000,0x0000,0x0000,0x0000,0x0000,0x0000,0x0000,0x0000,0x0000,0x0000,0x0000,
        0x0000,0x0000,0x0000,0x0000,0x0000,0x0000,0x0000,0x0000,0x0000,0x0000,0x0000,0x0000,0x0000,0x0000,0x0000,0x0000,
        0x0000,0x0000,0x0000,0x0000,0x0000,0x0000,0x0000,0x0000,0x0000,0x0000,0x0000,0x0000,0x0000,0x0000,0x0000,0x0000,
    },
};
const uint16_t g_highcolor_background_patterns[9][256] = {
    {
        0x0000,0x0000,0x0000,0x0000,0x0000,0x0000,0x0000,0x0000,0x0000,0x0000,0x0000,0x0000,0x0000,0x0000,0x0000,0x0000,
        0x0000,0x0000,0x0000,0x0000,0x0000,0x0000,0x0000,0x0000,0x0000,0x0000,0x0000,0x0000,0x0000,0x0000,0x0000,0x0000,
        0x0000,0x0000,0x0000,0x0000,0x0000,0x0000,0x0000,0x0000,0x0000,0x0000,0x0000,0x0000,0x0000,0x0000,0x0000,0x0000,
        0x0000,0x0000,0x0000,0x0000,0x0000,0x0000,0x0000,0x0000,0x0000,0x0000,0x0000,0x0000,0x0000,0x0000,0x0000,0x0000,
        0x0000,0x0000,0x0000,0x0000,0x0000,0x0000,0x0000,0x0000,0x0000,0x0000,0x0000,0x0000,0x0000,0x0000,0x0000,0x0000,
        0x0000,0x0000,0x0000,0x0000,0x0000,0x0000,0x0000,0x0000,0x0000,0x0000,0x0000,0x0000,0x0000,0x0000,0x0000,0x0000,
        0x0000,0x0000,0x0000,0x0000,0x0000,0x0000,0x0000,0x0000,0x0000,0x0000,0x0000,0x0000,0x0000,0x0000,0x0000,0x0000,
        0x0000,0x0000,0x0000,0x0000,0x0000,0x0000,0x0000,0x0000,0x0000,0x0000,0x0000,0x0000,0x0000,0x0000,0x0000,0x0000,
        0x0000,0x0000,0x0000,0x0000,0x0000,0x0000,0x0000,0x0000,0x0000,0x0000,0x0000,0x0000,0x0000,0x0000,0x0000,0x0000,
        0x0000,0x0000,0x0000,0x0000,0x0000,0x0000,0x0000,0x0000,0x0000,0x0000,0x0000,0x0000,0x0000,0x0000,0x0000,0x0000,
        0x0000,0x0000,0x0000,0x0000,0x0000,0x0000,0x0000,0x0000,0x0000,0x0000,0x0000,0x0000,0x0000,0x0000,0x0000,0x0000,
        0x0000,0x0000,0x0000,0x0000,0x0000,0x0000,0x0000,0x0000,0x0000,0x0000,0x0000,0x0000,0x0000,0x0000,0x0000,0x0000,
        0x0000,0x0000,0x0000,0x0000,0x0000,0x0000,0x0000,0x0000,0x0000,0x0000,0x0000,0x0000,0x0000,0x0000,0x0000,0x0000,
        0x0000,0x0000,0x0000,0x0000,0x0000,0x0000,0x0000,0x0000,0x0000,0x0000,0x0000,0x0000,0x0000,0x0000,0x0000,0x0000,
        0x0000,0x0000,0x0000,0x0000,0x0000,0x0000,0x0000,0x0000,0x0000,0x0000,0x0000,0x0000,0x0000,0x0000,0x0000,0x0000,
        0x0000,0x0000,0x0000,0x0000,0x0000,0x0000,0x0000,0x0000,0x0000,0x0000,0x0000,0x0000,0x0000,0x0000,0x0000,0x0000,
    },
    {
        0x0000,0x0000,0x0000,0x0000,0x0000,0x0000,0x0000,0x0000,0x0000,0x0000,0x0000,0x0000,0x0000,0x0000,0x0000,0x0000,
        0x0000,0x0000,0x0000,0x0000,0x0000,0x0000,0x0000,0x0000,0x0000,0x0000,0x0000,0x0000,0x0000,0x0000,0x0000,0x0000,
        0x0000,0x0000,0x0000,0x0000,0x0000,0x0000,0x0000,0x0000,0x0000,0x0000,0x0000,0x0000,0x0000,0x0000,0x0000,0x0000,
        0x0000,0x0000,0x0000,0x0000,0x0000,0x0000,0x0000,0x0000,0x0000,0x0000,0x0000,0x0000,0x0000,0x0000,0x0000,0x0000,
        0x0000,0x0000,0x0000,0x0000,0x0000,0x0000,0x0000,0x0000,0x0000,0x0000,0x0000,0x0000,0x0000,0x0000,0x0000,0x0000,
        0x0000,0x0000,0x0000,0x0000,0x0000,0x0000,0x0000,0x0000,0x0000,0x0000,0x0000,0x0000,0x0000,0x0000,0x0000,0x0000,
        0x0000,0x0000,0x0000,0x0000,0x0000,0x0000,0x0000,0x0000,0x0000,0x0000,0x0000,0x0000,0x0000,0x0000,0x0000,0x0000,
        0x0000,0x0000,0x0000,0x0000,0x0000,0x0000,0x0000,0x0000,0x0000,0x0000,0x0000,0x0000,0x0000,0x0000,0x0000,0x0000,
        0xFF94,0xE644,0xF709,0xE603,0xED82,0x6900,0xD583,0xE581,0xE5C5,0xE642,0xBC42,0xDD83,0xDDC3,0xB400,0xDD03,0xD505,
        0xFF0E,0xABC1,0xD542,0xF584,0xB380,0x8AC0,0xB3C3,0x9AC0,0xB3C0,0x8B01,0xDD00,0xEE43,0xABC1,0xE5C2,0xBC01,0xFEC7,
        0x9B00,0xD4C1,0xB380,0x69C1,0x7A01,0x30C1,0x8240,0xE540,0x69C0,0x6181,0x4900,0xC401,0x61C1,0x6180,0xEDC2,0x71C0,
        0x4385,0x28C1,0x0881,0x1901,0x3A83,0x5D06,0x2A80,0x18C2,0x2280,0x5140,0x1A02,0x4101,0x1900,0x1981,0x1101,0x1983,
        0x5CC6,0x1982,0x7DCC,0x54C7,0x1180,0x33C3,0x1983,0x7DCC,0x4404,0x4442,0x2AC3,0x1103,0x6E09,0x5507,0x19C1,0x19C2,
        0x5486,0x2203,0x3B44,0x19C0,0x0901,0xA716,0x3B44,0x5D07,0x1A00,0x10C0,0x4C47,0x5486,0x1143,0x1102,0x3C04,0x19C2,
        0x3304,0x4444,0x2281,0x21C2,0x0903,0x4485,0x2243,0x1101,0x43C4,0x2AC3,0x3305,0x1143,0x0041,0x4C85,0x2A82,0x1103,
        0x2A42,0x2AC3,0x1102,0x3342,0x1183,0x19C3,0x19C3,0x1143,0x2B43,0x1A03,0x19C3,0x3302,0x1102,0x1A40,0x08C1,0x2AC6,
    },
    {
        0x9F51,0xE7E0,0x0081,0xC7D9,0x11C0,0xCFDA,0x6D48,0x754A,0xD7DF,0x00C1,0xD7DF,0x2A83,0x0941,0xC7D6,0xC7DC,0x2283,
        0x8E8D,0x3C02,0x54C7,0x9652,0x54C5,0x8E8F,0x4C06,0x0040,0x4C44,0x2201,0x75CA,0x3303,0x9F50,0x5509,0x5446,0x2A82,
        0x6DC9,0x1A01,0x3302,0x5507,0x4405,0x08C0,0x43C4,0x2282,0xAF95,0x6DC9,0x0901,0x1181,0x4C47,0x54C7,0x4402,0x1100,
        0x19C2,0x3302,0x0901,0x3342,0x1140,0x5485,0x4C85,0x2AC3,0x5D47,0x760B,0x1141,0x7E8B,0x1140,0x3B44,0x0900,0x33C2,
        0x2202,0x6506,0x4D05,0x3383,0x5D04,0x6589,0xA750,0x5446,0x43C4,0x3B84,0x1183,0x5D06,0x3345,0x1A03,0x0941,0x1A00,
        0x0900,0x7E4B,0x75C8,0x2242,0x0901,0x5D47,0x7E4A,0x86CC,0x3B82,0x1141,0x22C1,0x2AC3,0x0940,0x760B,0x5D47,0x0080,
        0x760B,0x6DCB,0x3BC2,0x868D,0x0900,0x3383,0x760B,0x2282,0x22C2,0x3B85,0x32C2,0x3284,0x6DC6,0x4C85,0x4445,0x3BC2,
        0x1142,0x3344,0x5484,0x0941,0x4C84,0x1180,0x43C4,0x1180,0x0041,0x21C2,0x0941,0x4C84,0x0941,0x5487,0x2283,0x00C1,
        0x7E4F,0x2A82,0x08C0,0x65C9,0x7648,0x5507,0x2242,0x1180,0x4CC6,0x2281,0x4C47,0x6587,0x5D49,0x1100,0x19C0,0x0981,
        0x2AC2,0x3343,0x1143,0x6588,0x5545,0x2AC2,0x2281,0x2203,0x2283,0x1181,0x5D83,0x4444,0x2242,0x19C0,0x22C5,0x1180,
        0x1182,0x1A83,0x08C1,0x4445,0x4CC7,0x19C2,0x1980,0x08C0,0x5D49,0x2285,0x08C1,0x2282,0x2282,0x11C1,0x2B02,0x2182,
        0x760C,0x6E09,0x1A03,0x21C2,0x1180,0x21C2,0x2B43,0x3BC4,0x0081,0x1982,0x2283,0x2205,0x00C1,0x4445,0x3C05,0x1A81,
        0x3347,0x1A00,0x11C1,0x3B85,0x00C1,0x19C0,0x8ECD,0x3302,0x1A41,0x11C1,0x08C0,0x3345,0x08C0,0x4CC7,0x2242,0x08C1,
        0x11C0,0x19C2,0x0040,0x3C03,0x0901,0x08C0,0x08C0,0x1A43,0x2282,0x08C1,0x7ECA,0x2B42,0x2240,0x1A03,0x00C1,0x1B01,
        0x3C45,0x1183,0x2B42,0x1181,0x1100,0x4485,0x33C3,0x1980,0x0001,0x2AC5,0x2282,0x2B02,0x1180,0x19C0,0x2B42,0x1201,
        0x1104,0x1982,0x0041,0x1183,0x1100,0x19C3,0x0943,0x0882,0x1982,0x1A03,0x08C3,0x2202,0x08C0,0x2AC1,0x1102,0x08C0,
    },
    {
        0x0000,0xF7BF,0xEFA7,0xEFE1,0xF7E2,0xD75F,0xF7E8,0xEF9D,0xEFA9,0x2BC1,0xC785,0xF7DD,0xEFAD,0xF7B4,0x9F05,0x0000,
        0xFFFE,0xE7E4,0xC7C3,0x5F0E,0x5F8E,0x5F4B,0x674C,0x6F4E,0x6F4F,0x2305,0x6F91,0x674C,0x4649,0xBFC5,0x86C0,0x6E01,
        0xB7C3,0xAF80,0x4608,0x1C85,0x1CC7,0x6793,0x2547,0x24C6,0x2D88,0x1B02,0x24C4,0x2547,0x1383,0x2445,0xC7C3,0x3C40,
        0xBFC5,0xC7C4,0x2546,0x2546,0x2509,0x5791,0x1D07,0x2587,0x2506,0x2306,0x2506,0x2544,0x2547,0x2544,0xD7C3,0x3400,
        0x0143,0xFFF1,0xAFDC,0x97DB,0x87D7,0x8FD9,0x464D,0x5F10,0x6F95,0x6F93,0x46CA,0x3D0A,0x8FD6,0x7FD5,0xFFED,0x0101,
        0xBFC2,0xB7C3,0x1C85,0x1C85,0x24C4,0x2D46,0x1C45,0x56D3,0x2504,0x1C84,0x2506,0x55CE,0x2544,0x2504,0xE7CA,0x2B81,
        0xAFC1,0xB7C4,0x1D45,0x2504,0x2507,0x2CC6,0x1C45,0x464E,0x2546,0x1C42,0x1CC5,0x560E,0x2507,0x1CC5,0xE7C8,0x3401,
        0xAFC0,0xB7C2,0x1C85,0x24C4,0x2547,0x1402,0x0241,0x1C44,0x0B43,0x0B03,0x0AC4,0x5651,0x1C85,0x1CC5,0xDFC9,0x33C0,
        0x9F80,0xBFC6,0x1D05,0x24C4,0x1CC5,0x5F12,0x4E8F,0x464D,0x3E0D,0x46CC,0x464C,0x4E4F,0x24C4,0x2506,0xDFC6,0x33C0,
        0x9F81,0xBFC5,0x1D05,0x1D05,0x1D07,0x67D2,0x24C4,0x1CC5,0x2504,0x4FCF,0x1C84,0x45CE,0x24C6,0x1CC5,0xD7C3,0x3401,
        0x1180,0xF7EF,0x9796,0x97DD,0x9F9E,0x8797,0x7753,0x7755,0x3DC8,0x5F11,0x6F52,0x7F52,0x8FD6,0x8797,0xF7E5,0x0900,
        0xAFC1,0xDFCC,0x2504,0x24C4,0x24C4,0x2587,0x24C4,0x2506,0x2506,0x5751,0x2506,0x24C7,0x24C6,0x24C4,0xE7CC,0x2C01,
        0xAFC0,0xB7C3,0x2482,0x1CC5,0x24C6,0x2507,0x1C85,0x1C85,0x2506,0x578E,0x24C5,0x1C85,0x24C4,0x1343,0xE7CA,0x3441,
        0x9F41,0xA782,0xD7C6,0x1AC2,0x2344,0x1B47,0x1B02,0x1B44,0x2384,0x24C7,0x12C3,0x1283,0x1AC3,0xFFF2,0xDFCF,0x3C00,
        0x3B42,0x3C81,0x7E40,0x8EC0,0xA7C2,0xF7E1,0x8F81,0x8F01,0x8680,0x86C1,0x8F41,0xC791,0x7EC1,0x8641,0x4400,0x1AC1,
        0x0000,0x3281,0x2AC1,0x2AC0,0x2241,0x3B83,0x2AC0,0x2AC0,0x2AC0,0x2AC0,0x2240,0x3AC2,0x2241,0x3341,0x32C1,0x0000,
    },
    {
        0x0000,0x0000,0x0000,0x0000,0x0000,0x0000,0x0000,0x0000,0x0000,0x0000,0x7CD5,0xDFD0,0xC7C8,0x85C8,0x0000,0x0000,
        0x0000,0x0000,0x0000,0x0000,0x0000,0x0000,0x0000,0x0000,0x0000,0xEFEF,0xF7ED,0xFFFC,0xFFFC,0xB784,0xCFC5,0x0000,
        0x0000,0x0000,0x0000,0x0000,0x0000,0x0000,0x0000,0x0000,0xD6E1,0xDFDC,0xCFC5,0xFFFF,0x903E,0xB7C0,0x9F81,0x2343,
        0x0000,0x0000,0x0000,0x0000,0x0000,0x0000,0x0000,0x0000,0xD78E,0xF7BD,0x683E,0x993F,0x3835,0x4834,0x1281,0x8682,
        0x0000,0x0000,0x0000,0x0000,0x0000,0x0000,0x0000,0x0000,0xC7C4,0x8F43,0x807E,0x3035,0x2026,0x787C,0x2340,0x7603,
        0x0000,0x0000,0x0000,0x0000,0x0000,0x0000,0x0000,0x0000,0x4CC2,0x8680,0xCFCB,0x683C,0xA8BF,0xB745,0x6541,0x1242,
        0x0000,0x0000,0x0000,0x0000,0x0000,0x0000,0x0000,0x0000,0x0000,0x8640,0x3CC1,0x1A80,0x0100,0x86C0,0x4441,0x0000,
        0x0000,0x0000,0x0000,0x0000,0x0000,0x0000,0x0000,0x0000,0x0000,0x0000,0x3382,0x65C1,0x5DC1,0x22C3,0x0000,0x0000,
        0x0000,0x0000,0x0000,0x0000,0x0000,0x0000,0x0000,0x0000,0x0000,0x0000,0x0000,0x0000,0x0000,0x0000,0x0000,0x0000,
        0x0000,0x0000,0x0000,0x0000,0x0000,0x0000,0x0000,0x0000,0x0000,0x0000,0x0000,0x0000,0x0000,0x0000,0x0000,0x0000,
        0x0000,0x0000,0x0000,0x0000,0x0000,0x0000,0x0000,0x0000,0x0000,0x0000,0x0000,0x0000,0x0000,0x0000,0x0000,0x0000,
        0x0000,0x0000,0x0000,0x0000,0x0000,0x0000,0x0000,0x0000,0x0000,0x0000,0x0000,0x0000,0x0000,0x0000,0x0000,0x0000,
        0x0000,0x0000,0x0000,0x0000,0x0000,0x0000,0x0000,0x0000,0x0000,0x0000,0x0000,0x0000,0x0000,0x0000,0x0000,0x0000,
        0x0000,0x0000,0x0000,0x0000,0x0000,0x0000,0x0000,0x0000,0x0000,0x0000,0x0000,0x0000,0x0000,0x0000,0x0000,0x0000,
        0x0000,0x0000,0x0000,0x0000,0x0000,0x0000,0x0000,0x0000,0x0000,0x0000,0x0000,0x0000,0x0000,0x0000,0x0000,0x0000,
        0x0000,0x0000,0x0000,0x0000,0x0000,0x0000,0x0000,0x0000,0x0000,0x0000,0x0000,0x0000,0x0000,0x0000,0x0000,0x0000,
    },
    {
        0x0000,0x0000,0x0000,0x0000,0x0000,0x0000,0x0000,0x0000,0x0000,0x0000,0x0000,0x0000,0x0000,0x01C2,0x0000,0x0000,
        0x0000,0x0000,0x0000,0x0000,0x0000,0x0000,0x0000,0x0000,0x0000,0x0000,0x0000,0x0000,0x0000,0xFFFF,0x0100,0x0000,
        0x0000,0x0000,0x0000,0x0000,0x0000,0x0000,0x0000,0x0000,0x0000,0x0000,0x0000,0x0000,0x0000,0x5CC4,0x00C0,0x0000,
        0x0000,0x0000,0x0000,0x0144,0x8F94,0x8FD6,0x8792,0x2F45,0x018A,0x00C8,0x24C5,0x67D0,0x03C0,0x0100,0x0001,0x0000,
        0x0140,0x6F89,0x1EC2,0x1F03,0x1E83,0x1E43,0x2682,0x15C3,0x0C80,0x1602,0x1603,0x03C1,0x0180,0xFFFB,0x0080,0x0000,
        0x0000,0x0000,0x04D8,0x3744,0x2640,0x26C2,0x2682,0x04C1,0x0D00,0x26C5,0x1E43,0x0D83,0x0340,0xFFFA,0x00C1,0x0000,
        0x0000,0x0000,0x0000,0x0000,0x5F8B,0x5FCD,0x0CC0,0x0D42,0x0D81,0x3745,0x2F85,0x0400,0x0180,0xE7EB,0x0100,0x0000,
        0x0000,0x0000,0x0497,0x0440,0x1601,0x1E00,0x1EC2,0x0D80,0x0481,0x1E83,0x1E43,0x0443,0x0380,0xFFF8,0x0040,0x0000,
        0x0000,0x0C01,0x4F89,0x1EC3,0x1643,0x15C1,0x15C2,0x0441,0x0C80,0x2702,0x0D80,0x02C0,0x0300,0xF7EC,0x0080,0x0000,
        0x0000,0x0B9A,0x0B58,0x0000,0x0000,0x0084,0x0100,0x0482,0x0CC3,0x0D43,0x0CC0,0x04C1,0x02C1,0xFFF9,0x00C0,0x0000,
        0x0000,0x0000,0x0000,0x0000,0x0000,0x0000,0x0000,0x0000,0x0000,0x0042,0x0001,0x0000,0x0084,0xD7D1,0x00C0,0x0000,
        0x0000,0x0000,0x0000,0x0000,0x0000,0x0000,0x0000,0x0000,0x0000,0x0000,0x0000,0x0000,0x0000,0xF7F2,0x0080,0x0000,
        0x0000,0x0000,0x0000,0x0000,0x0000,0x0000,0x0000,0x0000,0x0000,0x0000,0x0000,0x0000,0x0000,0xFFF7,0x00C1,0x0000,
        0x0000,0x0000,0x0000,0x0000,0x0000,0x0000,0x0000,0x0000,0x0000,0x0000,0x0000,0x0000,0x0000,0xE7D4,0x0040,0x0000,
        0x0000,0x0000,0x0000,0x0000,0x0000,0x0000,0x0000,0x0000,0x0000,0x0000,0x0000,0x0000,0x0000,0xFFF4,0x1A40,0x0000,
        0x0000,0x0000,0x0000,0x0000,0x0000,0x0000,0x0000,0x0000,0x0000,0x0000,0x0000,0x0000,0x5D01,0x8781,0x2B81,0x2283,
    },
    {
        0x0000,0x0000,0x0000,0x0000,0x0000,0x0000,0x0000,0x0000,0x0000,0x0000,0x0000,0x0000,0x0000,0x0000,0x0000,0x0000,
        0x0000,0x0000,0x0000,0x0000,0x0000,0x0000,0x0000,0x0000,0x0000,0x0000,0x0000,0x0000,0x0000,0x0000,0x0000,0x0000,
        0x0000,0x0000,0x0000,0x0000,0x0000,0x0000,0x0000,0x0000,0x0000,0x0000,0x0000,0x0000,0x0000,0x0000,0x0000,0x0000,
        0x0000,0x0000,0x0000,0x0000,0x0000,0x0000,0x0000,0x0000,0x0000,0x0000,0x0000,0x0000,0x0000,0x0000,0x0000,0x0000,
        0x0000,0x0000,0x0000,0x0000,0x0000,0x0000,0x0000,0x0000,0x0000,0x0000,0x0000,0x0000,0x0000,0x0000,0x0000,0x0000,
        0x0000,0x0000,0x0000,0x0000,0x0000,0x0000,0x0000,0x0000,0x0000,0x0000,0x0000,0x0000,0x0000,0x0000,0x0000,0x0000,
        0x0000,0x0000,0x0000,0x0000,0x0000,0x0000,0x0000,0x0000,0x0000,0x0000,0x0000,0x0000,0x0000,0x0000,0x0000,0x0000,
        0x0000,0x0000,0x0000,0x0000,0x0000,0x0000,0x0000,0x0000,0x0000,0x0000,0x0000,0x0000,0x0000,0x0000,0x0000,0x0000,
        0x0000,0x0000,0x0000,0x0000,0x0000,0x0000,0x0000,0x0000,0x0000,0x0000,0x0000,0x0000,0x0000,0x0000,0x0000,0x0000,
        0x0000,0x0000,0x0000,0x0000,0x0000,0x0000,0x0000,0x0000,0x0000,0x0000,0x0000,0x0000,0x0000,0x0000,0x0000,0x0000,
        0x0000,0x0000,0x0000,0x0000,0x0000,0x0000,0x0000,0x0000,0x0000,0x0000,0x0000,0x0000,0x0000,0x0000,0x0000,0x0000,
        0x0000,0x0000,0x0000,0x0000,0x0000,0x0000,0x0000,0x0000,0x0000,0x0000,0x0000,0x0000,0x0000,0x0000,0x0000,0x0000,
        0x0000,0x0000,0x0000,0x0000,0x0000,0x0000,0x0000,0x0000,0x0000,0x0000,0x0000,0x0000,0x0000,0x0000,0x0000,0x0000,
        0x0000,0x0000,0x0000,0x0000,0x0000,0x0000,0x0000,0x0000,0x0000,0x0000,0x0000,0x0000,0x0000,0x0000,0x0000,0x0000,
        0x0000,0x0000,0x0000,0x0000,0x0000,0x0000,0x0000,0x0000,0x0000,0x0000,0x0000,0x0000,0x0000,0x0000,0x0100,0x0082,
        0x0000,0x0000,0x0000,0x0000,0x0000,0x0000,0x0000,0x0000,0x0000,0x0000,0x0000,0x0000,0x0000,0x0000,0xB78C,0x2381,
    },
    {
        0x0000,0x0000,0x0000,0x0000,0x0000,0x0000,0x0000,0x0000,0x0000,0x0000,0x0000,0x0000,0x0000,0x0000,0x0000,0x0000,
        0x0000,0x0000,0x0000,0x0000,0x0000,0x0000,0x0000,0x0000,0x0000,0x0000,0x0000,0x0000,0x0000,0x0000,0x0000,0x0000,
        0x0000,0x0000,0x0000,0x0000,0x0000,0x0000,0x0000,0x0000,0x0000,0x0000,0x0000,0x0000,0x0000,0x0000,0x0000,0x0000,
        0x0000,0x0000,0x0000,0x0000,0x0000,0x0000,0x0000,0x0000,0x0000,0x0000,0x0000,0x0000,0x0000,0x0000,0x0000,0x0000,
        0x0000,0x0000,0x0000,0x0000,0x0000,0x0000,0x0000,0x0000,0x0000,0x0000,0x0000,0x0000,0x0000,0x0000,0x0000,0x0000,
        0x0000,0x0000,0x0000,0x0000,0x0000,0x0000,0x0000,0x0000,0x0000,0x0000,0x0000,0x0000,0x0000,0x0000,0x0000,0x0000,
        0x0000,0x0000,0x0000,0x0000,0x0000,0x0000,0x0000,0x0000,0x0000,0x0000,0x0000,0x0000,0x0000,0x0000,0x0000,0x0000,
        0x0000,0x0000,0x0000,0x0000,0x0000,0x0000,0x0000,0x0000,0x0000,0x0000,0x0000,0x0000,0x0000,0x0000,0x0000,0x0000,
        0xFF94,0xE644,0xF709,0xE603,0xED82,0x6900,0xD583,0xE581,0xE5C5,0xE642,0xBC42,0xDD83,0xDDC3,0xB400,0xDD03,0xD505,
        0xFF0E,0xABC1,0xD542,0xF584,0xB380,0x8AC0,0xB3C3,0x9AC0,0xB3C0,0x8B01,0xDD00,0xEE43,0xABC1,0xE5C2,0xBC01,0xFEC7,
        0x9B00,0xD4C1,0xB380,0x69C1,0x7A01,0x30C1,0x8240,0xE540,0x69C0,0x6181,0x4900,0xC401,0x61C1,0x6180,0xEDC2,0x71C0,
        0x4385,0x28C1,0x0881,0x1901,0x3A83,0x5D06,0x2A80,0x18C2,0x2280,0x5140,0x1A02,0x4101,0x1900,0x1981,0x1101,0x1983,
        0x5CC6,0x1982,0x7DCC,0x54C7,0x1180,0x33C3,0x1983,0x7DCC,0x4404,0x4442,0x2AC3,0x1103,0x6E09,0x5507,0x19C1,0x19C2,
        0x5486,0x2203,0x3B44,0x19C0,0x0901,0xA716,0x3B44,0x5D07,0x1A00,0x10C0,0x4C47,0x5486,0x1143,0x1102,0x3C04,0x19C2,
        0x3304,0x4444,0x2281,0x21C2,0x0903,0x4485,0x2243,0x1101,0x43C4,0x2AC3,0x3305,0x1143,0x0041,0x4C85,0x2A82,0x1103,
        0x2A42,0x2AC3,0x1102,0x3342,0x1183,0x19C3,0x19C3,0x1143,0x2B43,0x1A03,0x19C3,0x3302,0x1102,0x1A40,0x08C1,0x2AC6,
    },
    {
        0x0000,0x0000,0x0000,0x0000,0x0000,0x0000,0x0000,0x0000,0x0000,0x0000,0x0000,0x0000,0x0000,0x0000,0x0000,0x0000,
        0x0000,0x0000,0x0000,0x0000,0x0000,0x0000,0x0000,0x0000,0x0000,0x0000,0x0000,0x0000,0x0000,0x0000,0x0000,0x0000,
        0x0000,0x0000,0x0000,0x0000,0x0000,0x0000,0x0000,0x0000,0x0000,0x0000,0x0000,0x0000,0x0000,0x0000,0x0000,0x0000,
        0x0000,0x0000,0x0000,0x0000,0x0000,0x0000,0x0000,0x0000,0x0000,0x0000,0x0000,0x0000,0x0000,0x0000,0x0000,0x0000,
        0x0000,0x0000,0x0000,0x0000,0x0000,0x0000,0x0000,0x0000,0x0000,0x0000,0x0000,0x0000,0x0000,0x0000,0x0000,0x0000,
        0x0000,0x0000,0x0000,0x0000,0x0000,0x0000,0x0000,0x0000,0x0000,0x0000,0x0000,0x0000,0x0000,0x0000,0x0000,0x0000,
        0x0000,0x0000,0x0000,0x0000,0x0000,0x0000,0x0000,0x0000,0x0000,0x0000,0x0000,0x0000,0x0000,0x0000,0x0000,0x0000,
        0x0000,0x0000,0x0000,0x0000,0x0000,0x0000,0x0000,0x0000,0x0000,0x0000,0x0000,0x0000,0x0000,0x0000,0x0000,0x0000,
        0x0000,0x0000,0x0000,0x0000,0x0000,0x0000,0x0000,0x0000,0x0000,0x0000,0x0000,0x0000,0x0000,0xFFFA,0x1A42,0x0000,
        0x0000,0x0000,0x0000,0x0000,0x0000,0x0000,0x0000,0x0000,0x0000,0x0000,0x0000,0x0000,0x0010,0xF7F9,0x0941,0x0000,
        0x0000,0x0040,0x0002,0x109A,0x5AFE,0x743F,0x3A3C,0x2976,0x292E,0x2174,0x2976,0x313B,0x105A,0xFFFF,0x11C0,0x0000,
        0x0000,0x0000,0x0000,0x5B7C,0x427E,0x31FD,0x31FA,0x2173,0x109C,0x3A3A,0x2179,0x109C,0x1060,0xFFFE,0x1180,0x0000,
        0x00D2,0x39F9,0x18AE,0x0002,0x0856,0x20E3,0x3A3F,0x10A6,0x18E4,0x2976,0x2174,0x10A4,0x105C,0xFFFF,0x0101,0x0000,
        0x0000,0x0000,0x0000,0x0000,0x0000,0x0000,0x0000,0x0000,0x0000,0x0000,0x0000,0x0000,0x0000,0xFFFC,0x0981,0x0000,
        0x0000,0x0000,0x0000,0x0000,0x0000,0x0000,0x0000,0x0000,0x0000,0x0000,0x0000,0x0000,0x0000,0xF7E1,0x0981,0x0000,
        0x0000,0x0000,0x0000,0x0000,0x0000,0x0000,0x0000,0x0000,0x0000,0x0000,0x0000,0x0000,0x25AA,0x4CC8,0x1200,0x0000,
    },
};
